Base Package,Base Version,dependsBy1,dependsBy2,dependsBy3,dependsBy4,dependsBy5,dependsBy6,dependsBy7,dependsBy8,dependsBy9,dependsBy10,dependsBy11,dependsBy12,dependsBy13,dependsBy14,dependsBy15,dependsBy16,dependsBy17,dependsBy18,dependsBy19,dependsBy20,dependsBy21,dependsBy22,dependsBy23,dependsBy24,dependsBy25,dependsBy26,dependsBy27,dependsBy28,dependsBy29,dependsBy30,dependsBy31,dependsBy32,dependsBy33,dependsBy34,dependsBy35,dependsBy36,dependsBy37,dependsBy38,dependsBy39,dependsBy40,dependsBy41,dependsBy42,dependsBy43,dependsBy44,dependsBy45,dependsBy46,dependsBy47,dependsBy48,dependsBy49,dependsBy50,dependsBy51,dependsBy52,dependsBy53,dependsBy54,dependsBy55,dependsBy56,dependsBy57,dependsBy58,dependsBy59,dependsBy60,dependsBy61,dependsBy62,dependsBy63,dependsBy64,dependsBy65,dependsBy66,dependsBy67,dependsBy68,dependsBy69,dependsBy70,dependsBy71,dependsBy72,dependsBy73,dependsBy74,dependsBy75,dependsBy76,dependsBy77,dependsBy78,dependsBy79,dependsBy80,dependsBy81,dependsBy82,dependsBy83,dependsBy84,dependsBy85,dependsBy86,dependsBy87,dependsBy88,dependsBy89,dependsBy90,dependsBy91,dependsBy92,dependsBy93,dependsBy94,dependsBy95,dependsBy96,dependsBy97,dependsBy98,dependsBy99
adlfs,2024.12.0,aiohappyeyeballs,aiohttp,aiosignal,attrs,azure-core,azure-datalake-store,azure-identity,azure-storage-blob,certifi,cffi,charset-normalizer,cryptography,frozenlist,fsspec,idna,isodate,msal,msal-extensions,multidict,propcache,pycparser,pyjwt,requests,six,typing-extensions,urllib3,yarl,,,,,,,,,,,,,,,,,,,,,,,,,,,,,,,,,,,,,,,,,,,,,,,,,,,,,,,,,,,,,,,,,,,,,,,,
allennlp,2.10.1,annotated-types,base58,blis,cached-path,catalogue,certifi,charset-normalizer,click,cloudpathlib,confection,cymem,dill,fairscale,filelock,fsspec,h5py,hf-xet,huggingface-hub,idna,iniconfig,jinja2,joblib,jsonnet,langcodes,language-data,lmdb,marisa-trie,markdown-it-py,markupsafe,mdurl,more-itertools,mpmath,murmurhash,networkx,nltk,numpy,packaging,pillow,pluggy,preshed,protobuf,pydantic,pydantic-core,pygments,pytest,pyyaml,regex,requests,rich,sacremoses,safetensors,scikit-learn,scipy,sentencepiece,setuptools,shellingham,smart-open,spacy,spacy-legacy,spacy-loggers,srsly,sympy,tensorboardx,termcolor,thinc,threadpoolctl,tokenizers,torch,torchvision,tqdm,traitlets,transformers,typer,typing-extensions,typing-inspection,urllib3,wandb,wasabi,weasel,wrapt,,,,,,,,,,,,,,,,,,,
aniso8601,10.0.1,,,,,,,,,,,,,,,,,,,,,,,,,,,,,,,,,,,,,,,,,,,,,,,,,,,,,,,,,,,,,,,,,,,,,,,,,,,,,,,,,,,,,,,,,,,,,,,,,,,
appnope,0.1.4,,,,,,,,,,,,,,,,,,,,,,,,,,,,,,,,,,,,,,,,,,,,,,,,,,,,,,,,,,,,,,,,,,,,,,,,,,,,,,,,,,,,,,,,,,,,,,,,,,,
artifacts-keyring,0.4.0,certifi,cffi,charset-normalizer,cryptography,idna,jaraco-classes,jaraco-context,jaraco-functools,jeepney,keyring,more-itertools,pycparser,requests,secretstorage,urllib3,,,,,,,,,,,,,,,,,,,,,,,,,,,,,,,,,,,,,,,,,,,,,,,,,,,,,,,,,,,,,,,,,,,,,,,,,,,,,,,,,,,,
ast,,,,,,,,,,,,,,,,,,,,,,,,,,,,,,,,,,,,,,,,,,,,,,,,,,,,,,,,,,,,,,,,,,,,,,,,,,,,,,,,,,,,,,,,,,,,,,,,,,,,
asyncio,3.4.3,,,,,,,,,,,,,,,,,,,,,,,,,,,,,,,,,,,,,,,,,,,,,,,,,,,,,,,,,,,,,,,,,,,,,,,,,,,,,,,,,,,,,,,,,,,,,,,,,,,
async-timeout,5.0.1,,,,,,,,,,,,,,,,,,,,,,,,,,,,,,,,,,,,,,,,,,,,,,,,,,,,,,,,,,,,,,,,,,,,,,,,,,,,,,,,,,,,,,,,,,,,,,,,,,,
azure-keyvault-secrets,4.9.0,azure-core,certifi,charset-normalizer,idna,isodate,requests,six,typing-extensions,urllib3,,,,,,,,,,,,,,,,,,,,,,,,,,,,,,,,,,,,,,,,,,,,,,,,,,,,,,,,,,,,,,,,,,,,,,,,,,,,,,,,,,,,,,,,,,
azureml-featurestore,1.1.2,attrs,azure-ai-ml,azure-common,azure-core,azure-identity,azure-mgmt-core,azure-monitor-opentelemetry,azure-storage-blob,azure-storage-file-datalake,azure-storage-file-share,azureml-dataprep,azureml-dataprep-native,azureml-dataprep-rslex,certifi,cffi,charset-normalizer,cloudpickle,colorama,cryptography,idna,isodate,jinja2,jsonschema,jsonschema-specifications,markupsafe,marshmallow,mltable,msal,msal-extensions,msrest,numpy,oauthlib,pandas,pycparser,pydash,pyjwt,python-dateutil,pytz,pyyaml,referencing,requests,requests-oauthlib,rpds-py,six,strictyaml,tqdm,typing-extensions,tzdata,urllib3,,,,,,,,,,,,,,,,,,,,,,,,,,,,,,,,,,,,,,,,,,,,,,,,,,
azureml-fsspec,1.3.1,attrs,azure-core,azure-identity,azureml-dataprep,azureml-dataprep-native,azureml-dataprep-rslex,certifi,cffi,charset-normalizer,cloudpickle,cryptography,fsspec,idna,jsonschema,jsonschema-specifications,msal,msal-extensions,pycparser,pyjwt,pytz,pyyaml,referencing,requests,rpds-py,six,typing-extensions,urllib3,,,,,,,,,,,,,,,,,,,,,,,,,,,,,,,,,,,,,,,,,,,,,,,,,,,,,,,,,,,,,,,,,,,,,,,,
azureml-interpret,1.60.0,adal,argcomplete,azure-common,azure-core,azure-graphrbac,azure-mgmt-authorization,azure-mgmt-containerregistry,azure-mgmt-core,azure-mgmt-keyvault,azure-mgmt-network,azure-mgmt-resource,azure-mgmt-storage,azureml-core,backports-tempfile,backports-weakref,bcrypt,certifi,cffi,charset-normalizer,cloudpickle,contextlib2,cryptography,docker,humanfriendly,idna,interpret-community,interpret-core,isodate,jeepney,jmespath,joblib,jsonpickle,knack,llvmlite,ml-wrappers,msal,msal-extensions,msrest,msrestazure,ndg-httpsclient,numba,numpy,oauthlib,packaging,pandas,paramiko,pathspec,pkginfo,pyasn1,pycparser,pygments,pyjwt,pynacl,pyopenssl,python-dateutil,pytz,pyyaml,raiutils,requests,requests-oauthlib,scikit-learn,scipy,secretstorage,shap,six,slicer,tabulate,threadpoolctl,tqdm,typing-extensions,tzdata,urllib3,,,,,,,,,,,,,,,,,,,,,,,,,,,
backports.tempfile,,,,,,,,,,,,,,,,,,,,,,,,,,,,,,,,,,,,,,,,,,,,,,,,,,,,,,,,,,,,,,,,,,,,,,,,,,,,,,,,,,,,,,,,,,,,,,,,,,,,
backports.weakref,,,,,,,,,,,,,,,,,,,,,,,,,,,,,,,,,,,,,,,,,,,,,,,,,,,,,,,,,,,,,,,,,,,,,,,,,,,,,,,,,,,,,,,,,,,,,,,,,,,,
bandit,1.8.3,markdown-it-py,mdurl,pbr,pygments,pyyaml,rich,setuptools,stevedore,,,,,,,,,,,,,,,,,,,,,,,,,,,,,,,,,,,,,,,,,,,,,,,,,,,,,,,,,,,,,,,,,,,,,,,,,,,,,,,,,,,,,,,,,,,
beanie,1.29.0,annotated-types,click,dnspython,lazy-model,motor,pydantic,pydantic-core,pymongo,toml,typing-extensions,typing-inspection,,,,,,,,,,,,,,,,,,,,,,,,,,,,,,,,,,,,,,,,,,,,,,,,,,,,,,,,,,,,,,,,,,,,,,,,,,,,,,,,,,,,,,,,
bert-score,0.3.13,certifi,charset-normalizer,contourpy,cycler,filelock,fonttools,fsspec,hf-xet,huggingface-hub,idna,jinja2,kiwisolver,markupsafe,matplotlib,mpmath,networkx,numpy,packaging,pandas,pillow,pyparsing,python-dateutil,pytz,pyyaml,regex,requests,safetensors,setuptools,six,sympy,tokenizers,torch,tqdm,transformers,typing-extensions,tzdata,urllib3,,,,,,,,,,,,,,,,,,,,,,,,,,,,,,,,,,,,,,,,,,,,,,,,,,,,,,,,,,,,,,
black,25.1.0,click,mypy-extensions,packaging,pathspec,platformdirs,,,,,,,,,,,,,,,,,,,,,,,,,,,,,,,,,,,,,,,,,,,,,,,,,,,,,,,,,,,,,,,,,,,,,,,,,,,,,,,,,,,,,,,,,,,,,,
bs4,0.0.2,beautifulsoup4,soupsieve,typing-extensions,,,,,,,,,,,,,,,,,,,,,,,,,,,,,,,,,,,,,,,,,,,,,,,,,,,,,,,,,,,,,,,,,,,,,,,,,,,,,,,,,,,,,,,,,,,,,,,,
configparser,7.2.0,,,,,,,,,,,,,,,,,,,,,,,,,,,,,,,,,,,,,,,,,,,,,,,,,,,,,,,,,,,,,,,,,,,,,,,,,,,,,,,,,,,,,,,,,,,,,,,,,,,
dash-core-components,2.0.0,,,,,,,,,,,,,,,,,,,,,,,,,,,,,,,,,,,,,,,,,,,,,,,,,,,,,,,,,,,,,,,,,,,,,,,,,,,,,,,,,,,,,,,,,,,,,,,,,,,
dash-html-components,2.0.0,,,,,,,,,,,,,,,,,,,,,,,,,,,,,,,,,,,,,,,,,,,,,,,,,,,,,,,,,,,,,,,,,,,,,,,,,,,,,,,,,,,,,,,,,,,,,,,,,,,
dash-table,5.0.0,,,,,,,,,,,,,,,,,,,,,,,,,,,,,,,,,,,,,,,,,,,,,,,,,,,,,,,,,,,,,,,,,,,,,,,,,,,,,,,,,,,,,,,,,,,,,,,,,,,
datasets,3.6.0,certifi,charset-normalizer,dill,filelock,fsspec,hf-xet,huggingface-hub,idna,multiprocess,numpy,packaging,pandas,pyarrow,python-dateutil,pytz,pyyaml,requests,six,tqdm,typing-extensions,tzdata,urllib3,xxhash,,,,,,,,,,,,,,,,,,,,,,,,,,,,,,,,,,,,,,,,,,,,,,,,,,,,,,,,,,,,,,,,,,,,,,,,,,,,
deepchecks,0.19.1,anyio,argon2-cffi,argon2-cffi-bindings,asttokens,attrs,beautifulsoup4,bleach,category-encoders,certifi,cffi,charset-normalizer,comm,contourpy,cycler,debugpy,decorator,defusedxml,executing,fastjsonschema,fonttools,idna,ipykernel,ipython,ipython-pygments-lexers,ipywidgets,jedi,jinja2,joblib,jsonpickle,jsonschema,jsonschema-specifications,jupyter-client,jupyter-core,jupyter-events,jupyter-server,jupyter-server-terminals,jupyterlab-pygments,jupyterlab-widgets,kiwisolver,markupsafe,matplotlib,matplotlib-inline,mistune,narwhals,nbclient,nbconvert,nbformat,nest-asyncio,numpy,overrides,packaging,pandas,pandocfilters,parso,patsy,pexpect,pillow,platformdirs,plotly,prometheus-client,prompt-toolkit,psutil,ptyprocess,pure-eval,pycparser,pygments,pynomaly,pyparsing,python-dateutil,python-json-logger,python-utils,pytz,pyyaml,pyzmq,referencing,requests,rfc3339-validator,rfc3986-validator,rpds-py,scikit-learn,scipy,send2trash,six,sniffio,soupsieve,stack-data,statsmodels,terminado,threadpoolctl,tornado,tqdm,traitlets,typing-extensions,tzdata,urllib3,wcwidth,webencodings,websocket-client,widgetsnbextension
deepdiff,8.4.2,orderly-set,,,,,,,,,,,,,,,,,,,,,,,,,,,,,,,,,,,,,,,,,,,,,,,,,,,,,,,,,,,,,,,,,,,,,,,,,,,,,,,,,,,,,,,,,,,,,,,,,,
docx,0.2.4,lxml,pillow,,,,,,,,,,,,,,,,,,,,,,,,,,,,,,,,,,,,,,,,,,,,,,,,,,,,,,,,,,,,,,,,,,,,,,,,,,,,,,,,,,,,,,,,,,,,,,,,,
elasticsearch,9.0.1,certifi,elastic-transport,python-dateutil,six,typing-extensions,urllib3,,,,,,,,,,,,,,,,,,,,,,,,,,,,,,,,,,,,,,,,,,,,,,,,,,,,,,,,,,,,,,,,,,,,,,,,,,,,,,,,,,,,,,,,,,,,,
email-validator,2.2.0,dnspython,idna,,,,,,,,,,,,,,,,,,,,,,,,,,,,,,,,,,,,,,,,,,,,,,,,,,,,,,,,,,,,,,,,,,,,,,,,,,,,,,,,,,,,,,,,,,,,,,,,,
entrypoints,0.4,,,,,,,,,,,,,,,,,,,,,,,,,,,,,,,,,,,,,,,,,,,,,,,,,,,,,,,,,,,,,,,,,,,,,,,,,,,,,,,,,,,,,,,,,,,,,,,,,,,
evidently,0.7.4,annotated-types,anyio,appdirs,certifi,cffi,charset-normalizer,click,cryptography,deprecation,distro,dynaconf,faker,filelock,fsspec,h11,httpcore,httpx,idna,iterative-telemetry,joblib,litestar,litestar-htmx,markdown-it-py,mdurl,msgspec,multidict,multipart,mypy-extensions,narwhals,nltk,numpy,packaging,pandas,patsy,plotly,polyfactory,pycparser,pydantic,pydantic-core,pygments,python-dateutil,pytz,pyyaml,regex,requests,rich,rich-click,scikit-learn,scipy,shellingham,six,sniffio,statsmodels,threadpoolctl,tqdm,typer,typing-extensions,typing-inspect,typing-inspection,tzdata,ujson,urllib3,uuid6,uvicorn,watchdog,,,,,,,,,,,,,,,,,,,,,,,,,,,,,,,,,,
exceptiongroup,1.2.2,,,,,,,,,,,,,,,,,,,,,,,,,,,,,,,,,,,,,,,,,,,,,,,,,,,,,,,,,,,,,,,,,,,,,,,,,,,,,,,,,,,,,,,,,,,,,,,,,,,
faiss,,,,,,,,,,,,,,,,,,,,,,,,,,,,,,,,,,,,,,,,,,,,,,,,,,,,,,,,,,,,,,,,,,,,,,,,,,,,,,,,,,,,,,,,,,,,,,,,,,,,
faiss-cpu,1.11.0,numpy,packaging,,,,,,,,,,,,,,,,,,,,,,,,,,,,,,,,,,,,,,,,,,,,,,,,,,,,,,,,,,,,,,,,,,,,,,,,,,,,,,,,,,,,,,,,,,,,,,,,,
faiss-gpu,,,,,,,,,,,,,,,,,,,,,,,,,,,,,,,,,,,,,,,,,,,,,,,,,,,,,,,,,,,,,,,,,,,,,,,,,,,,,,,,,,,,,,,,,,,,,,,,,,,,
farm-haystack,1.26.4.post0,annotated-types,anyio,attrs,backoff,boilerpy3,cattrs,certifi,charset-normalizer,distro,docopt,events,filelock,fsspec,h11,hf-xet,httpcore,httpx,huggingface-hub,idna,inflect,joblib,jsonschema,jsonschema-specifications,lazy-imports,more-itertools,networkx,num2words,numpy,packaging,pandas,pillow,platformdirs,posthog,prompthub-py,pydantic,pydantic-core,python-dateutil,pytz,pyyaml,quantulum3,rank-bm25,referencing,regex,requests,requests-cache,rpds-py,safetensors,scikit-learn,scipy,six,sniffio,sseclient-py,tenacity,threadpoolctl,tiktoken,tokenizers,tqdm,transformers,typeguard,typing-extensions,typing-inspection,tzdata,url-normalize,urllib3,,,,,,,,,,,,,,,,,,,,,,,,,,,,,,,,,,,
fastapi-cli,0.0.7,click,h11,markdown-it-py,mdurl,pygments,rich,rich-toolkit,shellingham,typer,typing-extensions,uvicorn,,,,,,,,,,,,,,,,,,,,,,,,,,,,,,,,,,,,,,,,,,,,,,,,,,,,,,,,,,,,,,,,,,,,,,,,,,,,,,,,,,,,,,,,
flake8,7.2.0,mccabe,pycodestyle,pyflakes,,,,,,,,,,,,,,,,,,,,,,,,,,,,,,,,,,,,,,,,,,,,,,,,,,,,,,,,,,,,,,,,,,,,,,,,,,,,,,,,,,,,,,,,,,,,,,,,
flask-httpauth,4.8.0,blinker,click,flask,itsdangerous,jinja2,markupsafe,werkzeug,,,,,,,,,,,,,,,,,,,,,,,,,,,,,,,,,,,,,,,,,,,,,,,,,,,,,,,,,,,,,,,,,,,,,,,,,,,,,,,,,,,,,,,,,,,,
flask-sqlalchemy,3.1.1,blinker,click,flask,greenlet,itsdangerous,jinja2,markupsafe,sqlalchemy,typing-extensions,werkzeug,,,,,,,,,,,,,,,,,,,,,,,,,,,,,,,,,,,,,,,,,,,,,,,,,,,,,,,,,,,,,,,,,,,,,,,,,,,,,,,,,,,,,,,,,
flask-swagger-ui,4.11.1,blinker,click,flask,itsdangerous,jinja2,markupsafe,werkzeug,,,,,,,,,,,,,,,,,,,,,,,,,,,,,,,,,,,,,,,,,,,,,,,,,,,,,,,,,,,,,,,,,,,,,,,,,,,,,,,,,,,,,,,,,,,,
fqdn,1.5.1,,,,,,,,,,,,,,,,,,,,,,,,,,,,,,,,,,,,,,,,,,,,,,,,,,,,,,,,,,,,,,,,,,,,,,,,,,,,,,,,,,,,,,,,,,,,,,,,,,,
fuzzywuzzy,0.18.0,,,,,,,,,,,,,,,,,,,,,,,,,,,,,,,,,,,,,,,,,,,,,,,,,,,,,,,,,,,,,,,,,,,,,,,,,,,,,,,,,,,,,,,,,,,,,,,,,,,
gensim,4.3.3,numpy,scipy,smart-open,wrapt,,,,,,,,,,,,,,,,,,,,,,,,,,,,,,,,,,,,,,,,,,,,,,,,,,,,,,,,,,,,,,,,,,,,,,,,,,,,,,,,,,,,,,,,,,,,,,,
google-generativeai,0.8.5,annotated-types,cachetools,certifi,charset-normalizer,google-ai-generativelanguage,google-api-core,google-api-python-client,google-auth,googleapis-common-protos,idna,proto-plus,protobuf,pyasn1,pyasn1-modules,pydantic,pydantic-core,requests,rsa,tqdm,typing-extensions,typing-inspection,urllib3,,,,,,,,,,,,,,,,,,,,,,,,,,,,,,,,,,,,,,,,,,,,,,,,,,,,,,,,,,,,,,,,,,,,,,,,,,,,,
graphframes,0.6,nose,numpy,,,,,,,,,,,,,,,,,,,,,,,,,,,,,,,,,,,,,,,,,,,,,,,,,,,,,,,,,,,,,,,,,,,,,,,,,,,,,,,,,,,,,,,,,,,,,,,,,
great-expectations,1.4.3,altair,annotated-types,attrs,backoff,certifi,cffi,charset-normalizer,cryptography,distro,idna,jinja2,jsonschema,jsonschema-specifications,markupsafe,marshmallow,mistune,narwhals,numpy,packaging,pandas,posthog,pycparser,pydantic,pydantic-core,pyparsing,python-dateutil,pytz,referencing,requests,rpds-py,ruamel-yaml,ruamel-yaml-clib,scipy,six,tqdm,typing-extensions,typing-inspection,tzdata,tzlocal,urllib3,,,,,,,,,,,,,,,,,,,,,,,,,,,,,,,,,,,,,,,,,,,,,,,,,,,,,,,,,,,
grpcio-status,1.71.0,googleapis-common-protos,grpcio,protobuf,,,,,,,,,,,,,,,,,,,,,,,,,,,,,,,,,,,,,,,,,,,,,,,,,,,,,,,,,,,,,,,,,,,,,,,,,,,,,,,,,,,,,,,,,,,,,,,,
httptools,0.6.4,,,,,,,,,,,,,,,,,,,,,,,,,,,,,,,,,,,,,,,,,,,,,,,,,,,,,,,,,,,,,,,,,,,,,,,,,,,,,,,,,,,,,,,,,,,,,,,,,,,
imbalanced-learn,0.13.0,joblib,numpy,scikit-learn,scipy,sklearn-compat,threadpoolctl,,,,,,,,,,,,,,,,,,,,,,,,,,,,,,,,,,,,,,,,,,,,,,,,,,,,,,,,,,,,,,,,,,,,,,,,,,,,,,,,,,,,,,,,,,,,,
invoke,2.2.0,,,,,,,,,,,,,,,,,,,,,,,,,,,,,,,,,,,,,,,,,,,,,,,,,,,,,,,,,,,,,,,,,,,,,,,,,,,,,,,,,,,,,,,,,,,,,,,,,,,
ipython-genutils,0.2.0,,,,,,,,,,,,,,,,,,,,,,,,,,,,,,,,,,,,,,,,,,,,,,,,,,,,,,,,,,,,,,,,,,,,,,,,,,,,,,,,,,,,,,,,,,,,,,,,,,,
isoduration,20.11.0,arrow,python-dateutil,six,types-python-dateutil,,,,,,,,,,,,,,,,,,,,,,,,,,,,,,,,,,,,,,,,,,,,,,,,,,,,,,,,,,,,,,,,,,,,,,,,,,,,,,,,,,,,,,,,,,,,,,,
jaraco.classes,,,,,,,,,,,,,,,,,,,,,,,,,,,,,,,,,,,,,,,,,,,,,,,,,,,,,,,,,,,,,,,,,,,,,,,,,,,,,,,,,,,,,,,,,,,,,,,,,,,,
jaraco.context,,,,,,,,,,,,,,,,,,,,,,,,,,,,,,,,,,,,,,,,,,,,,,,,,,,,,,,,,,,,,,,,,,,,,,,,,,,,,,,,,,,,,,,,,,,,,,,,,,,,
jaraco.functools,,,,,,,,,,,,,,,,,,,,,,,,,,,,,,,,,,,,,,,,,,,,,,,,,,,,,,,,,,,,,,,,,,,,,,,,,,,,,,,,,,,,,,,,,,,,,,,,,,,,
jsonpath-ng,1.7.0,ply,,,,,,,,,,,,,,,,,,,,,,,,,,,,,,,,,,,,,,,,,,,,,,,,,,,,,,,,,,,,,,,,,,,,,,,,,,,,,,,,,,,,,,,,,,,,,,,,,,
jsonpath-python,1.0.6,,,,,,,,,,,,,,,,,,,,,,,,,,,,,,,,,,,,,,,,,,,,,,,,,,,,,,,,,,,,,,,,,,,,,,,,,,,,,,,,,,,,,,,,,,,,,,,,,,,
kaleido,0.2.1,,,,,,,,,,,,,,,,,,,,,,,,,,,,,,,,,,,,,,,,,,,,,,,,,,,,,,,,,,,,,,,,,,,,,,,,,,,,,,,,,,,,,,,,,,,,,,,,,,,
kedro-azureml,,,,,,,,,,,,,,,,,,,,,,,,,,,,,,,,,,,,,,,,,,,,,,,,,,,,,,,,,,,,,,,,,,,,,,,,,,,,,,,,,,,,,,,,,,,,,,,,,,,,
kedro-boot,0.2.4,antlr4-python3-runtime,appdirs,arrow,attrs,binaryornot,build,cachetools,certifi,chardet,charset-normalizer,click,cookiecutter,dynaconf,fsspec,gitdb,gitpython,idna,importlib-metadata,importlib-resources,jinja2,kedro,kedro-telemetry,markdown-it-py,markupsafe,mdurl,more-itertools,omegaconf,packaging,parse,pluggy,pre-commit-hooks,pygments,pyproject-hooks,python-dateutil,python-slugify,pytoolconfig,pyyaml,requests,rich,rope,ruamel-yaml,ruamel-yaml-clib,six,smmap,text-unidecode,toml,types-python-dateutil,typing-extensions,urllib3,zipp,,,,,,,,,,,,,,,,,,,,,,,,,,,,,,,,,,,,,,,,,,,,,,,,,
kedro-datasets,7.0.0,antlr4-python3-runtime,appdirs,arrow,attrs,binaryornot,build,cachetools,certifi,chardet,charset-normalizer,click,cookiecutter,dynaconf,fsspec,gitdb,gitpython,idna,importlib-metadata,importlib-resources,jinja2,kedro,kedro-telemetry,lazy-loader,markdown-it-py,markupsafe,mdurl,more-itertools,omegaconf,packaging,parse,pluggy,pre-commit-hooks,pygments,pyproject-hooks,python-dateutil,python-slugify,pytoolconfig,pyyaml,requests,rich,rope,ruamel-yaml,ruamel-yaml-clib,six,smmap,text-unidecode,toml,types-python-dateutil,typing-extensions,urllib3,zipp,,,,,,,,,,,,,,,,,,,,,,,,,,,,,,,,,,,,,,,,,,,,,,,,
kedro-docker,0.6.2,antlr4-python3-runtime,anyconfig,appdirs,arrow,attrs,binaryornot,build,cachetools,certifi,chardet,charset-normalizer,click,cookiecutter,dynaconf,fsspec,gitdb,gitpython,idna,importlib-metadata,importlib-resources,jinja2,kedro,kedro-telemetry,markdown-it-py,markupsafe,mdurl,more-itertools,omegaconf,packaging,parse,pluggy,pre-commit-hooks,pygments,pyproject-hooks,python-dateutil,python-slugify,pytoolconfig,pyyaml,requests,rich,rope,ruamel-yaml,ruamel-yaml-clib,semver,six,smmap,text-unidecode,toml,types-python-dateutil,typing-extensions,urllib3,zipp,,,,,,,,,,,,,,,,,,,,,,,,,,,,,,,,,,,,,,,,,,,,,,,
kedro-fast-api,0.6.1,annotated-types,antlr4-python3-runtime,anyio,appdirs,arrow,attrs,binaryornot,build,cachetools,certifi,chardet,charset-normalizer,click,cookiecutter,dynaconf,fastapi,fsspec,gitdb,gitpython,h11,idna,importlib-metadata,importlib-resources,jinja2,kedro,kedro-telemetry,markdown-it-py,markupsafe,mdurl,more-itertools,omegaconf,packaging,parse,pluggy,pre-commit-hooks,pydantic,pydantic-core,pygments,pyproject-hooks,python-dateutil,python-slugify,pytoolconfig,pyyaml,requests,rich,rope,ruamel-yaml,ruamel-yaml-clib,six,smmap,sniffio,starlette,text-unidecode,toml,types-python-dateutil,typing-extensions,typing-inspection,urllib3,uvicorn,zipp,,,,,,,,,,,,,,,,,,,,,,,,,,,,,,,,,,,,,,,
kedro-viz,11.0.1,aiofiles,annotated-types,antlr4-python3-runtime,anyio,appdirs,arrow,asttokens,attrs,binaryornot,build,cachetools,certifi,chardet,charset-normalizer,click,click-default-group,cookiecutter,decorator,dynaconf,executing,fastapi,fsspec,gitdb,gitpython,graphql-core,greenlet,h11,idna,importlib-metadata,importlib-resources,ipython,ipython-pygments-lexers,jedi,jinja2,kedro,kedro-telemetry,markdown-it-py,markupsafe,matplotlib-inline,mdurl,more-itertools,narwhals,networkx,numpy,omegaconf,orjson,packaging,pandas,parse,parso,pathspec,pexpect,plotly,pluggy,pre-commit-hooks,prompt-toolkit,ptyprocess,pure-eval,pydantic,pydantic-core,pygments,pyproject-hooks,python-dateutil,python-slugify,pytoolconfig,pytz,pyyaml,requests,rich,rope,ruamel-yaml,ruamel-yaml-clib,secure,six,smmap,sniffio,sqlalchemy,stack-data,starlette,strawberry-graphql,text-unidecode,toml,traitlets,types-python-dateutil,typing-extensions,typing-inspection,tzdata,urllib3,uvicorn,watchfiles,wcwidth,zipp,,,,,,,
lancedb,0.22.0,annotated-types,deprecation,numpy,overrides,packaging,pyarrow,pydantic,pydantic-core,tqdm,typing-extensions,typing-inspection,,,,,,,,,,,,,,,,,,,,,,,,,,,,,,,,,,,,,,,,,,,,,,,,,,,,,,,,,,,,,,,,,,,,,,,,,,,,,,,,,,,,,,,,
langchain-community,0.3.23,aiohappyeyeballs,aiohttp,aiosignal,annotated-types,anyio,attrs,certifi,charset-normalizer,dataclasses-json,frozenlist,greenlet,h11,httpcore,httpx,httpx-sse,idna,jsonpatch,jsonpointer,langchain,langchain-core,langchain-text-splitters,langsmith,marshmallow,multidict,mypy-extensions,numpy,orjson,packaging,propcache,pydantic,pydantic-core,pydantic-settings,python-dotenv,pyyaml,requests,requests-toolbelt,sniffio,sqlalchemy,tenacity,typing-extensions,typing-inspect,typing-inspection,urllib3,yarl,zstandard,,,,,,,,,,,,,,,,,,,,,,,,,,,,,,,,,,,,,,,,,,,,,,,,,,,,,,
langchain-openai,0.3.16,annotated-types,anyio,certifi,charset-normalizer,distro,h11,httpcore,httpx,idna,jiter,jsonpatch,jsonpointer,langchain-core,langsmith,openai,orjson,packaging,pydantic,pydantic-core,pyyaml,regex,requests,requests-toolbelt,sniffio,tenacity,tiktoken,tqdm,typing-extensions,typing-inspection,urllib3,zstandard,,,,,,,,,,,,,,,,,,,,,,,,,,,,,,,,,,,,,,,,,,,,,,,,,,,,,,,,,,,,,,,,,,,,
ldap3,2.9.1,pyasn1,,,,,,,,,,,,,,,,,,,,,,,,,,,,,,,,,,,,,,,,,,,,,,,,,,,,,,,,,,,,,,,,,,,,,,,,,,,,,,,,,,,,,,,,,,,,,,,,,,
lightfm,,,,,,,,,,,,,,,,,,,,,,,,,,,,,,,,,,,,,,,,,,,,,,,,,,,,,,,,,,,,,,,,,,,,,,,,,,,,,,,,,,,,,,,,,,,,,,,,,,,,
lightgbm,4.6.0,numpy,scipy,,,,,,,,,,,,,,,,,,,,,,,,,,,,,,,,,,,,,,,,,,,,,,,,,,,,,,,,,,,,,,,,,,,,,,,,,,,,,,,,,,,,,,,,,,,,,,,,,
lime,0.2.0.1,contourpy,cycler,fonttools,joblib,kiwisolver,matplotlib,numpy,packaging,pillow,pyparsing,python-dateutil,scikit-image,scikit-learn,scipy,six,threadpoolctl,tqdm,,,,,,,,,,,,,,,,,,,,,,,,,,,,,,,,,,,,,,,,,,,,,,,,,,,,,,,,,,,,,,,,,,,,,,,,,,,,,,,,,,
llama-hub,0.0.45,aiohappyeyeballs,aiohttp,aiosignal,annotated-types,anyio,atlassian-python-api,attrs,banks,beautifulsoup4,certifi,charset-normalizer,click,dataclasses-json,deprecated,dirtyjson,distro,filetype,frozenlist,fsspec,greenlet,h11,html2text,httpcore,httpx,idna,jiter,joblib,llama-cloud,llama-cloud-services,llama-index,llama-index-agent-openai,llama-index-cli,llama-index-core,llama-index-embeddings-openai,llama-index-indices-managed-llama-cloud,llama-index-llms-openai,llama-index-multi-modal-llms-openai,llama-index-program-openai,llama-index-question-gen-openai,llama-index-readers-file,llama-index-readers-llama-parse,llama-parse,marshmallow,multidict,mypy-extensions,nest-asyncio,networkx,nltk,numpy,openai,pandas,pillow,propcache,psutil,pydantic,pydantic-core,pypdf,python-dateutil,pytz,pyyaml,regex,requests,retrying,six,sniffio,soupsieve,sqlalchemy,striprtf,tenacity,tiktoken,tqdm,typing-extensions,typing-inspect,typing-inspection,tzdata,urllib3,wrapt,yarl,,,,,,,,,,,,,,,,,,,,,
llama-index-embeddings-azure-openai,0.3.2,aiohappyeyeballs,aiohttp,aiosignal,annotated-types,anyio,attrs,azure-core,azure-identity,banks,certifi,cffi,charset-normalizer,click,cryptography,dataclasses-json,deprecated,dirtyjson,distro,filetype,frozenlist,fsspec,greenlet,h11,httpcore,httpx,idna,jiter,joblib,llama-index-core,llama-index-embeddings-openai,llama-index-llms-azure-openai,llama-index-llms-openai,marshmallow,msal,msal-extensions,multidict,mypy-extensions,nest-asyncio,networkx,nltk,numpy,openai,pillow,propcache,pycparser,pydantic,pydantic-core,pyjwt,pyyaml,regex,requests,six,sniffio,sqlalchemy,tenacity,tiktoken,tqdm,typing-extensions,typing-inspect,typing-inspection,urllib3,wrapt,yarl,,,,,,,,,,,,,,,,,,,,,,,,,,,,,,,,,,,,
llama-index-legacy,0.9.48.post4,aiohappyeyeballs,aiohttp,aiosignal,annotated-types,anyio,attrs,certifi,charset-normalizer,click,dataclasses-json,deprecated,dirtyjson,distro,frozenlist,fsspec,greenlet,h11,httpcore,httpx,idna,jiter,joblib,marshmallow,multidict,mypy-extensions,nest-asyncio,networkx,nltk,numpy,openai,pandas,propcache,pydantic,pydantic-core,python-dateutil,pytz,regex,requests,six,sniffio,sqlalchemy,tenacity,tiktoken,tqdm,typing-extensions,typing-inspect,typing-inspection,tzdata,urllib3,wrapt,yarl,,,,,,,,,,,,,,,,,,,,,,,,,,,,,,,,,,,,,,,,,,,,,,,,
llamaindex-py-client,0.1.19,annotated-types,anyio,certifi,h11,httpcore,httpx,idna,pydantic,pydantic-core,sniffio,typing-extensions,typing-inspection,,,,,,,,,,,,,,,,,,,,,,,,,,,,,,,,,,,,,,,,,,,,,,,,,,,,,,,,,,,,,,,,,,,,,,,,,,,,,,,,,,,,,,,
llama-index-readers-json,0.3.0,aiohappyeyeballs,aiohttp,aiosignal,annotated-types,anyio,attrs,banks,certifi,charset-normalizer,click,dataclasses-json,deprecated,dirtyjson,filetype,frozenlist,fsspec,greenlet,h11,httpcore,httpx,idna,joblib,llama-index-core,marshmallow,multidict,mypy-extensions,nest-asyncio,networkx,nltk,numpy,pillow,propcache,pydantic,pydantic-core,pyyaml,regex,requests,sniffio,sqlalchemy,tenacity,tiktoken,tqdm,typing-extensions,typing-inspect,typing-inspection,urllib3,wrapt,yarl,,,,,,,,,,,,,,,,,,,,,,,,,,,,,,,,,,,,,,,,,,,,,,,,,,,
llama-index-vector-stores-azurecosmosmongo,0.5.0,aiohappyeyeballs,aiohttp,aiosignal,annotated-types,anyio,attrs,banks,certifi,charset-normalizer,click,dataclasses-json,deprecated,dirtyjson,dnspython,filetype,frozenlist,fsspec,greenlet,h11,httpcore,httpx,idna,joblib,llama-index-core,marshmallow,multidict,mypy-extensions,nest-asyncio,networkx,nltk,numpy,pillow,propcache,pydantic,pydantic-core,pymongo,pyyaml,regex,requests,sniffio,sqlalchemy,tenacity,tiktoken,tqdm,typing-extensions,typing-inspect,typing-inspection,urllib3,wrapt,yarl,,,,,,,,,,,,,,,,,,,,,,,,,,,,,,,,,,,,,,,,,,,,,,,,,
mlflow,2.22.0,alembic,annotated-types,anyio,blinker,cachetools,certifi,charset-normalizer,click,cloudpickle,contourpy,cycler,databricks-sdk,deprecated,docker,fastapi,flask,fonttools,gitdb,gitpython,google-auth,graphene,graphql-core,graphql-relay,greenlet,gunicorn,h11,idna,importlib-metadata,itsdangerous,jinja2,joblib,kiwisolver,mako,markdown,markupsafe,matplotlib,mlflow-skinny,numpy,opentelemetry-api,opentelemetry-sdk,opentelemetry-semantic-conventions,packaging,pandas,pillow,protobuf,pyarrow,pyasn1,pyasn1-modules,pydantic,pydantic-core,pyparsing,python-dateutil,pytz,pyyaml,requests,rsa,scikit-learn,scipy,six,smmap,sniffio,sqlalchemy,sqlparse,starlette,threadpoolctl,typing-extensions,typing-inspection,tzdata,urllib3,uvicorn,werkzeug,wrapt,zipp,,,,,,,,,,,,,,,,,,,,,,,,,,
mongomock-motor,0.0.35,mongomock,packaging,pytz,sentinels,,,,,,,,,,,,,,,,,,,,,,,,,,,,,,,,,,,,,,,,,,,,,,,,,,,,,,,,,,,,,,,,,,,,,,,,,,,,,,,,,,,,,,,,,,,,,,,
monotonic,1.6,,,,,,,,,,,,,,,,,,,,,,,,,,,,,,,,,,,,,,,,,,,,,,,,,,,,,,,,,,,,,,,,,,,,,,,,,,,,,,,,,,,,,,,,,,,,,,,,,,,
motor-types,1.0.0b4,dnspython,pymongo,typing-extensions,,,,,,,,,,,,,,,,,,,,,,,,,,,,,,,,,,,,,,,,,,,,,,,,,,,,,,,,,,,,,,,,,,,,,,,,,,,,,,,,,,,,,,,,,,,,,,,,
mypy,1.15.0,mypy-extensions,typing-extensions,,,,,,,,,,,,,,,,,,,,,,,,,,,,,,,,,,,,,,,,,,,,,,,,,,,,,,,,,,,,,,,,,,,,,,,,,,,,,,,,,,,,,,,,,,,,,,,,,
neo4j,5.28.1,pytz,,,,,,,,,,,,,,,,,,,,,,,,,,,,,,,,,,,,,,,,,,,,,,,,,,,,,,,,,,,,,,,,,,,,,,,,,,,,,,,,,,,,,,,,,,,,,,,,,,
notebook,7.4.2,anyio,argon2-cffi,argon2-cffi-bindings,asttokens,async-lru,attrs,babel,beautifulsoup4,bleach,certifi,cffi,charset-normalizer,comm,debugpy,decorator,defusedxml,executing,fastjsonschema,h11,httpcore,httpx,idna,ipykernel,ipython,ipython-pygments-lexers,jedi,jinja2,json5,jsonschema,jsonschema-specifications,jupyter-client,jupyter-core,jupyter-events,jupyter-lsp,jupyter-server,jupyter-server-terminals,jupyterlab,jupyterlab-pygments,jupyterlab-server,markupsafe,matplotlib-inline,mistune,nbclient,nbconvert,nbformat,nest-asyncio,notebook-shim,overrides,packaging,pandocfilters,parso,pexpect,platformdirs,prometheus-client,prompt-toolkit,psutil,ptyprocess,pure-eval,pycparser,pygments,python-dateutil,python-json-logger,pyyaml,pyzmq,referencing,requests,rfc3339-validator,rfc3986-validator,rpds-py,send2trash,setuptools,six,sniffio,soupsieve,stack-data,terminado,tornado,traitlets,typing-extensions,urllib3,wcwidth,webencodings,websocket-client,,,,,,,,,,,,,,,,
onnxruntime,1.21.1,coloredlogs,flatbuffers,humanfriendly,mpmath,numpy,packaging,protobuf,sympy,,,,,,,,,,,,,,,,,,,,,,,,,,,,,,,,,,,,,,,,,,,,,,,,,,,,,,,,,,,,,,,,,,,,,,,,,,,,,,,,,,,,,,,,,,,
opencensus-ext-azure,1.1.14,azure-core,azure-identity,cachetools,certifi,cffi,charset-normalizer,cryptography,google-api-core,google-auth,googleapis-common-protos,idna,msal,msal-extensions,opencensus,opencensus-context,proto-plus,protobuf,psutil,pyasn1,pyasn1-modules,pycparser,pyjwt,requests,rsa,six,typing-extensions,urllib3,,,,,,,,,,,,,,,,,,,,,,,,,,,,,,,,,,,,,,,,,,,,,,,,,,,,,,,,,,,,,,,,,,,,,,,,
opencensus-ext-logging,0.1.1,cachetools,certifi,charset-normalizer,google-api-core,google-auth,googleapis-common-protos,idna,opencensus,opencensus-context,proto-plus,protobuf,pyasn1,pyasn1-modules,requests,rsa,six,urllib3,,,,,,,,,,,,,,,,,,,,,,,,,,,,,,,,,,,,,,,,,,,,,,,,,,,,,,,,,,,,,,,,,,,,,,,,,,,,,,,,,,
opencv-python,4.11.0.86,numpy,,,,,,,,,,,,,,,,,,,,,,,,,,,,,,,,,,,,,,,,,,,,,,,,,,,,,,,,,,,,,,,,,,,,,,,,,,,,,,,,,,,,,,,,,,,,,,,,,,
openpyxl,3.1.5,et-xmlfile,,,,,,,,,,,,,,,,,,,,,,,,,,,,,,,,,,,,,,,,,,,,,,,,,,,,,,,,,,,,,,,,,,,,,,,,,,,,,,,,,,,,,,,,,,,,,,,,,,
opensearch-py,2.8.0,certifi,charset-normalizer,events,idna,python-dateutil,requests,six,urllib3,,,,,,,,,,,,,,,,,,,,,,,,,,,,,,,,,,,,,,,,,,,,,,,,,,,,,,,,,,,,,,,,,,,,,,,,,,,,,,,,,,,,,,,,,,,
optuna,4.3.0,alembic,colorlog,greenlet,mako,markupsafe,numpy,packaging,pyyaml,sqlalchemy,tqdm,typing-extensions,,,,,,,,,,,,,,,,,,,,,,,,,,,,,,,,,,,,,,,,,,,,,,,,,,,,,,,,,,,,,,,,,,,,,,,,,,,,,,,,,,,,,,,,
pdf2image,1.17.0,pillow,,,,,,,,,,,,,,,,,,,,,,,,,,,,,,,,,,,,,,,,,,,,,,,,,,,,,,,,,,,,,,,,,,,,,,,,,,,,,,,,,,,,,,,,,,,,,,,,,,
pdfminer,20191125,pycryptodome,,,,,,,,,,,,,,,,,,,,,,,,,,,,,,,,,,,,,,,,,,,,,,,,,,,,,,,,,,,,,,,,,,,,,,,,,,,,,,,,,,,,,,,,,,,,,,,,,,
pdfrw,0.4,,,,,,,,,,,,,,,,,,,,,,,,,,,,,,,,,,,,,,,,,,,,,,,,,,,,,,,,,,,,,,,,,,,,,,,,,,,,,,,,,,,,,,,,,,,,,,,,,,,
plotly-resampler,0.10.0,blinker,certifi,charset-normalizer,click,dash,flask,idna,importlib-metadata,itsdangerous,jinja2,markupsafe,narwhals,nest-asyncio,numpy,orjson,packaging,pandas,plotly,python-dateutil,pytz,requests,retrying,setuptools,six,tsdownsample,typing-extensions,tzdata,urllib3,werkzeug,zipp,,,,,,,,,,,,,,,,,,,,,,,,,,,,,,,,,,,,,,,,,,,,,,,,,,,,,,,,,,,,,,,,,,,,,
poetry-plugin-export,1.9.0,build,cachecontrol,certifi,cffi,charset-normalizer,cleo,crashtest,cryptography,distlib,dulwich,fastjsonschema,filelock,findpython,idna,installer,jaraco-classes,jaraco-context,jaraco-functools,jeepney,keyring,more-itertools,msgpack,packaging,pbs-installer,pkginfo,platformdirs,poetry,poetry-core,pycparser,pyproject-hooks,rapidfuzz,requests,requests-toolbelt,secretstorage,shellingham,tomlkit,trove-classifiers,urllib3,virtualenv,,,,,,,,,,,,,,,,,,,,,,,,,,,,,,,,,,,,,,,,,,,,,,,,,,,,,,,,,,,,
portalocker,3.1.1,,,,,,,,,,,,,,,,,,,,,,,,,,,,,,,,,,,,,,,,,,,,,,,,,,,,,,,,,,,,,,,,,,,,,,,,,,,,,,,,,,,,,,,,,,,,,,,,,,,
pre-commit,4.2.0,cfgv,distlib,filelock,identify,nodeenv,platformdirs,pyyaml,virtualenv,,,,,,,,,,,,,,,,,,,,,,,,,,,,,,,,,,,,,,,,,,,,,,,,,,,,,,,,,,,,,,,,,,,,,,,,,,,,,,,,,,,,,,,,,,,
pyaml,25.1.0,pyyaml,,,,,,,,,,,,,,,,,,,,,,,,,,,,,,,,,,,,,,,,,,,,,,,,,,,,,,,,,,,,,,,,,,,,,,,,,,,,,,,,,,,,,,,,,,,,,,,,,,
pyarrow-hotfix,0.7,,,,,,,,,,,,,,,,,,,,,,,,,,,,,,,,,,,,,,,,,,,,,,,,,,,,,,,,,,,,,,,,,,,,,,,,,,,,,,,,,,,,,,,,,,,,,,,,,,,
pyctuator,1.2.0,,,,,,,,,,,,,,,,,,,,,,,,,,,,,,,,,,,,,,,,,,,,,,,,,,,,,,,,,,,,,,,,,,,,,,,,,,,,,,,,,,,,,,,,,,,,,,,,,,,
pyhive,0.7.0,future,python-dateutil,six,,,,,,,,,,,,,,,,,,,,,,,,,,,,,,,,,,,,,,,,,,,,,,,,,,,,,,,,,,,,,,,,,,,,,,,,,,,,,,,,,,,,,,,,,,,,,,,,
pylance,0.26.1,numpy,pyarrow,,,,,,,,,,,,,,,,,,,,,,,,,,,,,,,,,,,,,,,,,,,,,,,,,,,,,,,,,,,,,,,,,,,,,,,,,,,,,,,,,,,,,,,,,,,,,,,,,
pylint,3.3.7,astroid,dill,isort,mccabe,platformdirs,tomlkit,,,,,,,,,,,,,,,,,,,,,,,,,,,,,,,,,,,,,,,,,,,,,,,,,,,,,,,,,,,,,,,,,,,,,,,,,,,,,,,,,,,,,,,,,,,,,
pyltr,0.2.6,joblib,numpy,pandas,python-dateutil,pytz,scikit-learn,scipy,six,threadpoolctl,tzdata,,,,,,,,,,,,,,,,,,,,,,,,,,,,,,,,,,,,,,,,,,,,,,,,,,,,,,,,,,,,,,,,,,,,,,,,,,,,,,,,,,,,,,,,,
pymupdf,1.25.5,,,,,,,,,,,,,,,,,,,,,,,,,,,,,,,,,,,,,,,,,,,,,,,,,,,,,,,,,,,,,,,,,,,,,,,,,,,,,,,,,,,,,,,,,,,,,,,,,,,
pymupdfb,1.24.10,,,,,,,,,,,,,,,,,,,,,,,,,,,,,,,,,,,,,,,,,,,,,,,,,,,,,,,,,,,,,,,,,,,,,,,,,,,,,,,,,,,,,,,,,,,,,,,,,,,
pyodbc,5.2.0,,,,,,,,,,,,,,,,,,,,,,,,,,,,,,,,,,,,,,,,,,,,,,,,,,,,,,,,,,,,,,,,,,,,,,,,,,,,,,,,,,,,,,,,,,,,,,,,,,,
pysocks,1.7.1,,,,,,,,,,,,,,,,,,,,,,,,,,,,,,,,,,,,,,,,,,,,,,,,,,,,,,,,,,,,,,,,,,,,,,,,,,,,,,,,,,,,,,,,,,,,,,,,,,,
pytesseract,0.3.13,packaging,pillow,,,,,,,,,,,,,,,,,,,,,,,,,,,,,,,,,,,,,,,,,,,,,,,,,,,,,,,,,,,,,,,,,,,,,,,,,,,,,,,,,,,,,,,,,,,,,,,,,
pytest-asyncio,0.26.0,iniconfig,packaging,pluggy,pytest,,,,,,,,,,,,,,,,,,,,,,,,,,,,,,,,,,,,,,,,,,,,,,,,,,,,,,,,,,,,,,,,,,,,,,,,,,,,,,,,,,,,,,,,,,,,,,,
pytest-cov,6.1.1,coverage,iniconfig,packaging,pluggy,pytest,,,,,,,,,,,,,,,,,,,,,,,,,,,,,,,,,,,,,,,,,,,,,,,,,,,,,,,,,,,,,,,,,,,,,,,,,,,,,,,,,,,,,,,,,,,,,,
pytest-httpx,0.35.0,anyio,certifi,h11,httpcore,httpx,idna,iniconfig,packaging,pluggy,pytest,sniffio,typing-extensions,,,,,,,,,,,,,,,,,,,,,,,,,,,,,,,,,,,,,,,,,,,,,,,,,,,,,,,,,,,,,,,,,,,,,,,,,,,,,,,,,,,,,,,
pytest-mock,3.14.0,iniconfig,packaging,pluggy,pytest,,,,,,,,,,,,,,,,,,,,,,,,,,,,,,,,,,,,,,,,,,,,,,,,,,,,,,,,,,,,,,,,,,,,,,,,,,,,,,,,,,,,,,,,,,,,,,,
pytest-sugar,1.0.0,iniconfig,packaging,pluggy,pytest,termcolor,,,,,,,,,,,,,,,,,,,,,,,,,,,,,,,,,,,,,,,,,,,,,,,,,,,,,,,,,,,,,,,,,,,,,,,,,,,,,,,,,,,,,,,,,,,,,,
python-ldap,,,,,,,,,,,,,,,,,,,,,,,,,,,,,,,,,,,,,,,,,,,,,,,,,,,,,,,,,,,,,,,,,,,,,,,,,,,,,,,,,,,,,,,,,,,,,,,,,,,,
python-multipart,0.0.20,,,,,,,,,,,,,,,,,,,,,,,,,,,,,,,,,,,,,,,,,,,,,,,,,,,,,,,,,,,,,,,,,,,,,,,,,,,,,,,,,,,,,,,,,,,,,,,,,,,
pywin32,,,,,,,,,,,,,,,,,,,,,,,,,,,,,,,,,,,,,,,,,,,,,,,,,,,,,,,,,,,,,,,,,,,,,,,,,,,,,,,,,,,,,,,,,,,,,,,,,,,,
pywin32-ctypes,0.2.3,,,,,,,,,,,,,,,,,,,,,,,,,,,,,,,,,,,,,,,,,,,,,,,,,,,,,,,,,,,,,,,,,,,,,,,,,,,,,,,,,,,,,,,,,,,,,,,,,,,
querystring-parser,1.2.4,six,,,,,,,,,,,,,,,,,,,,,,,,,,,,,,,,,,,,,,,,,,,,,,,,,,,,,,,,,,,,,,,,,,,,,,,,,,,,,,,,,,,,,,,,,,,,,,,,,,
ratelimiter,1.2.0.post0,,,,,,,,,,,,,,,,,,,,,,,,,,,,,,,,,,,,,,,,,,,,,,,,,,,,,,,,,,,,,,,,,,,,,,,,,,,,,,,,,,,,,,,,,,,,,,,,,,,
recordlinkage,0.16,jellyfish,joblib,numpy,pandas,python-dateutil,pytz,scikit-learn,scipy,six,threadpoolctl,tzdata,,,,,,,,,,,,,,,,,,,,,,,,,,,,,,,,,,,,,,,,,,,,,,,,,,,,,,,,,,,,,,,,,,,,,,,,,,,,,,,,,,,,,,,,
reportlab,4.4.0,chardet,pillow,,,,,,,,,,,,,,,,,,,,,,,,,,,,,,,,,,,,,,,,,,,,,,,,,,,,,,,,,,,,,,,,,,,,,,,,,,,,,,,,,,,,,,,,,,,,,,,,,
retry,0.9.2,decorator,py,,,,,,,,,,,,,,,,,,,,,,,,,,,,,,,,,,,,,,,,,,,,,,,,,,,,,,,,,,,,,,,,,,,,,,,,,,,,,,,,,,,,,,,,,,,,,,,,,
ruamel.yaml,,,,,,,,,,,,,,,,,,,,,,,,,,,,,,,,,,,,,,,,,,,,,,,,,,,,,,,,,,,,,,,,,,,,,,,,,,,,,,,,,,,,,,,,,,,,,,,,,,,,
ruamel.yaml.clib,,,,,,,,,,,,,,,,,,,,,,,,,,,,,,,,,,,,,,,,,,,,,,,,,,,,,,,,,,,,,,,,,,,,,,,,,,,,,,,,,,,,,,,,,,,,,,,,,,,,
ruff,0.11.8,,,,,,,,,,,,,,,,,,,,,,,,,,,,,,,,,,,,,,,,,,,,,,,,,,,,,,,,,,,,,,,,,,,,,,,,,,,,,,,,,,,,,,,,,,,,,,,,,,,
schemdraw,0.20,,,,,,,,,,,,,,,,,,,,,,,,,,,,,,,,,,,,,,,,,,,,,,,,,,,,,,,,,,,,,,,,,,,,,,,,,,,,,,,,,,,,,,,,,,,,,,,,,,,
scikit-plot,0.3.7,contourpy,cycler,fonttools,joblib,kiwisolver,matplotlib,numpy,packaging,pillow,pyparsing,python-dateutil,scikit-learn,scipy,six,threadpoolctl,,,,,,,,,,,,,,,,,,,,,,,,,,,,,,,,,,,,,,,,,,,,,,,,,,,,,,,,,,,,,,,,,,,,,,,,,,,,,,,,,,,,
seaborn,0.13.2,contourpy,cycler,fonttools,kiwisolver,matplotlib,numpy,packaging,pandas,pillow,pyparsing,python-dateutil,pytz,six,tzdata,,,,,,,,,,,,,,,,,,,,,,,,,,,,,,,,,,,,,,,,,,,,,,,,,,,,,,,,,,,,,,,,,,,,,,,,,,,,,,,,,,,,,
selenium,4.32.0,attrs,certifi,h11,idna,outcome,sniffio,sortedcontainers,trio,trio-websocket,typing-extensions,urllib3,websocket-client,wsproto,,,,,,,,,,,,,,,,,,,,,,,,,,,,,,,,,,,,,,,,,,,,,,,,,,,,,,,,,,,,,,,,,,,,,,,,,,,,,,,,,,,,,,
sentence-transformers,4.1.0,certifi,charset-normalizer,filelock,fsspec,hf-xet,huggingface-hub,idna,jinja2,joblib,markupsafe,mpmath,networkx,numpy,packaging,pillow,pyyaml,regex,requests,safetensors,scikit-learn,scipy,setuptools,sympy,threadpoolctl,tokenizers,torch,tqdm,transformers,typing-extensions,urllib3,,,,,,,,,,,,,,,,,,,,,,,,,,,,,,,,,,,,,,,,,,,,,,,,,,,,,,,,,,,,,,,,,,,,,
simplejson,3.20.1,,,,,,,,,,,,,,,,,,,,,,,,,,,,,,,,,,,,,,,,,,,,,,,,,,,,,,,,,,,,,,,,,,,,,,,,,,,,,,,,,,,,,,,,,,,,,,,,,,,
sktime,0.37.0,joblib,numpy,packaging,pandas,python-dateutil,pytz,scikit-base,scikit-learn,scipy,six,threadpoolctl,tzdata,,,,,,,,,,,,,,,,,,,,,,,,,,,,,,,,,,,,,,,,,,,,,,,,,,,,,,,,,,,,,,,,,,,,,,,,,,,,,,,,,,,,,,,
sparse-dot-topn,1.1.5,numpy,psutil,scipy,,,,,,,,,,,,,,,,,,,,,,,,,,,,,,,,,,,,,,,,,,,,,,,,,,,,,,,,,,,,,,,,,,,,,,,,,,,,,,,,,,,,,,,,,,,,,,,,
streamlit,1.45.0,altair,attrs,blinker,cachetools,certifi,charset-normalizer,click,gitdb,gitpython,idna,jinja2,jsonschema,jsonschema-specifications,markupsafe,narwhals,numpy,packaging,pandas,pillow,protobuf,pyarrow,pydeck,python-dateutil,pytz,referencing,requests,rpds-py,six,smmap,tenacity,toml,tornado,typing-extensions,tzdata,urllib3,watchdog,,,,,,,,,,,,,,,,,,,,,,,,,,,,,,,,,,,,,,,,,,,,,,,,,,,,,,,,,,,,,,,
strsimpy,0.2.1,,,,,,,,,,,,,,,,,,,,,,,,,,,,,,,,,,,,,,,,,,,,,,,,,,,,,,,,,,,,,,,,,,,,,,,,,,,,,,,,,,,,,,,,,,,,,,,,,,,
tabula-py,2.10.0,distro,numpy,pandas,python-dateutil,pytz,six,tzdata,,,,,,,,,,,,,,,,,,,,,,,,,,,,,,,,,,,,,,,,,,,,,,,,,,,,,,,,,,,,,,,,,,,,,,,,,,,,,,,,,,,,,,,,,,,,
tantivy,0.24.0,,,,,,,,,,,,,,,,,,,,,,,,,,,,,,,,,,,,,,,,,,,,,,,,,,,,,,,,,,,,,,,,,,,,,,,,,,,,,,,,,,,,,,,,,,,,,,,,,,,
tbats,1.1.3,cython,joblib,numpy,packaging,pandas,patsy,pmdarima,python-dateutil,pytz,scikit-learn,scipy,setuptools,six,statsmodels,threadpoolctl,tzdata,urllib3,,,,,,,,,,,,,,,,,,,,,,,,,,,,,,,,,,,,,,,,,,,,,,,,,,,,,,,,,,,,,,,,,,,,,,,,,,,,,,,,,,
tensorflow,2.19.0,absl-py,astunparse,certifi,charset-normalizer,flatbuffers,gast,google-pasta,grpcio,h5py,idna,keras,libclang,markdown,markdown-it-py,markupsafe,mdurl,ml-dtypes,namex,numpy,opt-einsum,optree,packaging,protobuf,pygments,requests,rich,setuptools,six,tensorboard,tensorboard-data-server,termcolor,typing-extensions,urllib3,werkzeug,wheel,wrapt,,,,,,,,,,,,,,,,,,,,,,,,,,,,,,,,,,,,,,,,,,,,,,,,,,,,,,,,,,,,,,,
tensorflow-io-gcs-filesystem,0.37.1,,,,,,,,,,,,,,,,,,,,,,,,,,,,,,,,,,,,,,,,,,,,,,,,,,,,,,,,,,,,,,,,,,,,,,,,,,,,,,,,,,,,,,,,,,,,,,,,,,,
textblob,0.19.0,click,joblib,nltk,regex,tqdm,,,,,,,,,,,,,,,,,,,,,,,,,,,,,,,,,,,,,,,,,,,,,,,,,,,,,,,,,,,,,,,,,,,,,,,,,,,,,,,,,,,,,,,,,,,,,,
tf2onnx,1.16.1,certifi,charset-normalizer,flatbuffers,idna,numpy,onnx,protobuf,requests,six,urllib3,,,,,,,,,,,,,,,,,,,,,,,,,,,,,,,,,,,,,,,,,,,,,,,,,,,,,,,,,,,,,,,,,,,,,,,,,,,,,,,,,,,,,,,,,
tinycss2,1.4.0,webencodings,,,,,,,,,,,,,,,,,,,,,,,,,,,,,,,,,,,,,,,,,,,,,,,,,,,,,,,,,,,,,,,,,,,,,,,,,,,,,,,,,,,,,,,,,,,,,,,,,,
tomli,2.2.1,,,,,,,,,,,,,,,,,,,,,,,,,,,,,,,,,,,,,,,,,,,,,,,,,,,,,,,,,,,,,,,,,,,,,,,,,,,,,,,,,,,,,,,,,,,,,,,,,,,
toolz,1.0.0,,,,,,,,,,,,,,,,,,,,,,,,,,,,,,,,,,,,,,,,,,,,,,,,,,,,,,,,,,,,,,,,,,,,,,,,,,,,,,,,,,,,,,,,,,,,,,,,,,,
toposort,1.10,,,,,,,,,,,,,,,,,,,,,,,,,,,,,,,,,,,,,,,,,,,,,,,,,,,,,,,,,,,,,,,,,,,,,,,,,,,,,,,,,,,,,,,,,,,,,,,,,,,
tox,4.25.0,cachetools,chardet,colorama,distlib,filelock,packaging,platformdirs,pluggy,pyproject-api,virtualenv,,,,,,,,,,,,,,,,,,,,,,,,,,,,,,,,,,,,,,,,,,,,,,,,,,,,,,,,,,,,,,,,,,,,,,,,,,,,,,,,,,,,,,,,,
twine,6.1.0,certifi,cffi,charset-normalizer,cryptography,docutils,id,idna,jaraco-classes,jaraco-context,jaraco-functools,jeepney,keyring,markdown-it-py,mdurl,more-itertools,nh3,packaging,pycparser,pygments,readme-renderer,requests,requests-toolbelt,rfc3986,rich,secretstorage,urllib3,,,,,,,,,,,,,,,,,,,,,,,,,,,,,,,,,,,,,,,,,,,,,,,,,,,,,,,,,,,,,,,,,,,,,,,,,
unicorn,2.1.3,,,,,,,,,,,,,,,,,,,,,,,,,,,,,,,,,,,,,,,,,,,,,,,,,,,,,,,,,,,,,,,,,,,,,,,,,,,,,,,,,,,,,,,,,,,,,,,,,,,
unstructured,0.17.2,aiofiles,annotated-types,anyio,backoff,beautifulsoup4,certifi,cffi,chardet,charset-normalizer,click,cryptography,dataclasses-json,emoji,eval-type-backport,filetype,h11,html5lib,httpcore,httpx,idna,joblib,langdetect,lxml,marshmallow,mypy-extensions,nest-asyncio,nltk,numpy,olefile,psutil,pycparser,pydantic,pydantic-core,pypdf,python-iso639,python-magic,python-oxmsg,rapidfuzz,regex,requests,requests-toolbelt,six,sniffio,soupsieve,tqdm,typing-extensions,typing-inspect,typing-inspection,unstructured-client,urllib3,wrapt,,,,,,,,,,,,,,,,,,,,,,,,,,,,,,,,,,,,,,,,,,,,,,,,
uri-template,1.3.0,,,,,,,,,,,,,,,,,,,,,,,,,,,,,,,,,,,,,,,,,,,,,,,,,,,,,,,,,,,,,,,,,,,,,,,,,,,,,,,,,,,,,,,,,,,,,,,,,,,
uvloop,0.21.0,,,,,,,,,,,,,,,,,,,,,,,,,,,,,,,,,,,,,,,,,,,,,,,,,,,,,,,,,,,,,,,,,,,,,,,,,,,,,,,,,,,,,,,,,,,,,,,,,,,
watchgod,0.8.2,anyio,idna,sniffio,typing-extensions,,,,,,,,,,,,,,,,,,,,,,,,,,,,,,,,,,,,,,,,,,,,,,,,,,,,,,,,,,,,,,,,,,,,,,,,,,,,,,,,,,,,,,,,,,,,,,,
webcolors,24.11.1,,,,,,,,,,,,,,,,,,,,,,,,,,,,,,,,,,,,,,,,,,,,,,,,,,,,,,,,,,,,,,,,,,,,,,,,,,,,,,,,,,,,,,,,,,,,,,,,,,,
websockets,15.0.1,,,,,,,,,,,,,,,,,,,,,,,,,,,,,,,,,,,,,,,,,,,,,,,,,,,,,,,,,,,,,,,,,,,,,,,,,,,,,,,,,,,,,,,,,,,,,,,,,,,
wurlitzer,3.1.1,,,,,,,,,,,,,,,,,,,,,,,,,,,,,,,,,,,,,,,,,,,,,,,,,,,,,,,,,,,,,,,,,,,,,,,,,,,,,,,,,,,,,,,,,,,,,,,,,,,
xattr,1.1.4,cffi,pycparser,,,,,,,,,,,,,,,,,,,,,,,,,,,,,,,,,,,,,,,,,,,,,,,,,,,,,,,,,,,,,,,,,,,,,,,,,,,,,,,,,,,,,,,,,,,,,,,,,
xgboost,3.0.0,numpy,nvidia-nccl-cu12,scipy,,,,,,,,,,,,,,,,,,,,,,,,,,,,,,,,,,,,,,,,,,,,,,,,,,,,,,,,,,,,,,,,,,,,,,,,,,,,,,,,,,,,,,,,,,,,,,,,
yellowbrick,1.5,contourpy,cycler,fonttools,joblib,kiwisolver,matplotlib,numpy,packaging,pillow,pyparsing,python-dateutil,scikit-learn,scipy,six,threadpoolctl,,,,,,,,,,,,,,,,,,,,,,,,,,,,,,,,,,,,,,,,,,,,,,,,,,,,,,,,,,,,,,,,,,,,,,,,,,,,,,,,,,,,
