Base Package,dependsBy1,dependsBy2,dependsBy3,dependsBy4,dependsBy5,dependsBy6,dependsBy7,dependsBy8,dependsBy9,dependsBy10,dependsBy11,dependsBy12,dependsBy13,dependsBy14,dependsBy15,dependsBy16,dependsBy17,dependsBy18,dependsBy19,dependsBy20,dependsBy21,dependsBy22,dependsBy23,dependsBy24,dependsBy25,dependsBy26,dependsBy27,dependsBy28,dependsBy29,dependsBy30,dependsBy31,dependsBy32,dependsBy33,dependsBy34,dependsBy35,dependsBy36,dependsBy37,dependsBy38,dependsBy39,dependsBy40,dependsBy41,dependsBy42,dependsBy43,dependsBy44,dependsBy45,dependsBy46,dependsBy47,dependsBy48,dependsBy49,dependsBy50,dependsBy51,dependsBy52,dependsBy53,dependsBy54,dependsBy55,dependsBy56,dependsBy57,dependsBy58,dependsBy59,dependsBy60,dependsBy61,dependsBy62,dependsBy63,dependsBy64,dependsBy65,dependsBy66,dependsBy67,dependsBy68,dependsBy69,dependsBy70,dependsBy71,dependsBy72,dependsBy73,dependsBy74,dependsBy75,dependsBy76,dependsBy77,dependsBy78,dependsBy79,dependsBy80,dependsBy81,dependsBy82,dependsBy83,dependsBy84,dependsBy85,dependsBy86,dependsBy87,dependsBy88,dependsBy89,dependsBy90,dependsBy91,dependsBy92
adlfs,aiohappyeyeballs,aiohttp,aiosignal,async-timeout,attrs,azure-core,azure-datalake-store,azure-identity,azure-storage-blob,certifi,cffi,charset-normalizer,cryptography,frozenlist,fsspec,idna,isodate,msal,msal-extensions,multidict,portalocker,propcache,pycparser,pyjwt,requests,six,typing-extensions,urllib3,yarl,,,,,,,,,,,,,,,,,,,,,,,,,,,,,,,,,,,,,,,,,,,,,,,,,,,,,,,,,,,,,,,
allennlp,base58,cached-path,certifi,charset-normalizer,click,dill,fairscale,filelock,fsspec,h5py,huggingface-hub,idna,joblib,jsonnet,lmdb,more-itertools,nltk,numpy,packaging,protobuf,pytest,pyyaml,regex,requests,sacremoses,scikit-learn,scipy,sentencepiece,spacy,tensorboardx,termcolor,torch,torchvision,tqdm,traitlets,transformers,typer,typing-extensions,urllib3,wandb,,,,,,,,,,,,,,,,,,,,,,,,,,,,,,,,,,,,,,,,,,,,,,,,,,,,
annotated-types,,,,,,,,,,,,,,,,,,,,,,,,,,,,,,,,,,,,,,,,,,,,,,,,,,,,,,,,,,,,,,,,,,,,,,,,,,,,,,,,,,,,,,,,,,,,
appnope,,,,,,,,,,,,,,,,,,,,,,,,,,,,,,,,,,,,,,,,,,,,,,,,,,,,,,,,,,,,,,,,,,,,,,,,,,,,,,,,,,,,,,,,,,,,
artifacts-keyring,backports-tarfile,certifi,charset-normalizer,idna,importlib-metadata,jaraco-classes,jaraco-context,jaraco-functools,jeepney,keyring,more-itertools,requests,secretstorage,urllib3,zipp,,,,,,,,,,,,,,,,,,,,,,,,,,,,,,,,,,,,,,,,,,,,,,,,,,,,,,,,,,,,,,,,,,,,,,,,,,,,,
ast,,,,,,,,,,,,,,,,,,,,,,,,,,,,,,,,,,,,,,,,,,,,,,,,,,,,,,,,,,,,,,,,,,,,,,,,,,,,,,,,,,,,,,,,,,,,
astroid,typing-extensions,,,,,,,,,,,,,,,,,,,,,,,,,,,,,,,,,,,,,,,,,,,,,,,,,,,,,,,,,,,,,,,,,,,,,,,,,,,,,,,,,,,,,,,,,,,
asttokens,six,,,,,,,,,,,,,,,,,,,,,,,,,,,,,,,,,,,,,,,,,,,,,,,,,,,,,,,,,,,,,,,,,,,,,,,,,,,,,,,,,,,,,,,,,,,
astunparse,six,wheel,,,,,,,,,,,,,,,,,,,,,,,,,,,,,,,,,,,,,,,,,,,,,,,,,,,,,,,,,,,,,,,,,,,,,,,,,,,,,,,,,,,,,,,,,,
asyncio,,,,,,,,,,,,,,,,,,,,,,,,,,,,,,,,,,,,,,,,,,,,,,,,,,,,,,,,,,,,,,,,,,,,,,,,,,,,,,,,,,,,,,,,,,,,
azure-keyvault-secrets,azure-core,certifi,charset-normalizer,idna,isodate,requests,six,typing-extensions,urllib3,,,,,,,,,,,,,,,,,,,,,,,,,,,,,,,,,,,,,,,,,,,,,,,,,,,,,,,,,,,,,,,,,,,,,,,,,,,,,,,,,,,
azureml-featurestore,attrs,azure-ai-ml,azure-common,azure-core,azure-identity,azure-mgmt-core,azure-storage-blob,azure-storage-file-datalake,azure-storage-file-share,azureml-dataprep,azureml-dataprep-native,azureml-dataprep-rslex,cachetools,certifi,cffi,charset-normalizer,cloudpickle,colorama,cryptography,google-api-core,google-auth,googleapis-common-protos,idna,isodate,jinja2,jsonschema,jsonschema-specifications,markupsafe,marshmallow,mltable,msal,msal-extensions,msrest,numpy,opencensus,opencensus-context,opencensus-ext-azure,opencensus-ext-logging,packaging,pandas,portalocker,proto-plus,protobuf,psutil,pyasn1-modules,pycparser,pydash,pyjwt,python-dateutil,pytz,pyyaml,referencing,requests,requests-oauthlib,rpds-py,rsa,six,strictyaml,tqdm,typing-extensions,tzdata,urllib3,,,,,,,,,,,,,,,,,,,,,,,,,,,,,,
azureml-fsspec,attrs,azure-core,azure-identity,azureml-dataprep,azureml-dataprep-native,azureml-dataprep-rslex,certifi,cffi,charset-normalizer,cloudpickle,cryptography,fsspec,idna,jsonschema,jsonschema-specifications,msal,msal-extensions,portalocker,pycparser,pyjwt,pytz,pyyaml,referencing,requests,rpds-py,six,typing-extensions,urllib3,,,,,,,,,,,,,,,,,,,,,,,,,,,,,,,,,,,,,,,,,,,,,,,,,,,,,,,,,,,,,,,,
azureml-interpret,adal,argcomplete,azure-common,azure-core,azure-graphrbac,azure-mgmt-authorization,azure-mgmt-containerregistry,azure-mgmt-core,azure-mgmt-keyvault,azure-mgmt-network,azure-mgmt-resource,azure-mgmt-storage,azureml-core,backports-tempfile,backports-weakref,bcrypt,certifi,cffi,charset-normalizer,contextlib2,cryptography,docker,humanfriendly,idna,interpret-community,interpret-core,isodate,jmespath,joblib,jsonpickle,knack,llvmlite,ml-wrappers,msal,msal-extensions,msrest,msrestazure,ndg-httpsclient,numba,numpy,packaging,pandas,paramiko,pathspec,pkginfo,portalocker,pyasn1,pycparser,pygments,pyjwt,pynacl,pyopenssl,python-dateutil,pytz,pyyaml,raiutils,requests,requests-oauthlib,scikit-learn,scipy,secretstorage,shap,six,tabulate,typing-extensions,tzdata,urllib3,,,,,,,,,,,,,,,,,,,,,,,,,
backoff,,,,,,,,,,,,,,,,,,,,,,,,,,,,,,,,,,,,,,,,,,,,,,,,,,,,,,,,,,,,,,,,,,,,,,,,,,,,,,,,,,,,,,,,,,,,
backports.tempfile,,,,,,,,,,,,,,,,,,,,,,,,,,,,,,,,,,,,,,,,,,,,,,,,,,,,,,,,,,,,,,,,,,,,,,,,,,,,,,,,,,,,,,,,,,,,
backports.weakref,,,,,,,,,,,,,,,,,,,,,,,,,,,,,,,,,,,,,,,,,,,,,,,,,,,,,,,,,,,,,,,,,,,,,,,,,,,,,,,,,,,,,,,,,,,,
bandit,pyyaml,rich,stevedore,,,,,,,,,,,,,,,,,,,,,,,,,,,,,,,,,,,,,,,,,,,,,,,,,,,,,,,,,,,,,,,,,,,,,,,,,,,,,,,,,,,,,,,,,
beanie,click,lazy-model,motor,pydantic,pymongo,toml,typing-extensions,,,,,,,,,,,,,,,,,,,,,,,,,,,,,,,,,,,,,,,,,,,,,,,,,,,,,,,,,,,,,,,,,,,,,,,,,,,,,,,,,,,,,
bert-score,certifi,charset-normalizer,contourpy,cycler,fonttools,idna,kiwisolver,matplotlib,numpy,packaging,pandas,pillow,pyparsing,python-dateutil,pytz,requests,six,torch,tqdm,transformers,tzdata,urllib3,,,,,,,,,,,,,,,,,,,,,,,,,,,,,,,,,,,,,,,,,,,,,,,,,,,,,,,,,,,,,,,,,,,,,,
black,click,mypy-extensions,packaging,pathspec,platformdirs,tomli,typing-extensions,,,,,,,,,,,,,,,,,,,,,,,,,,,,,,,,,,,,,,,,,,,,,,,,,,,,,,,,,,,,,,,,,,,,,,,,,,,,,,,,,,,,,
blis,numpy,,,,,,,,,,,,,,,,,,,,,,,,,,,,,,,,,,,,,,,,,,,,,,,,,,,,,,,,,,,,,,,,,,,,,,,,,,,,,,,,,,,,,,,,,,,
bs4,beautifulsoup4,soupsieve,,,,,,,,,,,,,,,,,,,,,,,,,,,,,,,,,,,,,,,,,,,,,,,,,,,,,,,,,,,,,,,,,,,,,,,,,,,,,,,,,,,,,,,,,,
cachecontrol,certifi,charset-normalizer,idna,msgpack,requests,urllib3,,,,,,,,,,,,,,,,,,,,,,,,,,,,,,,,,,,,,,,,,,,,,,,,,,,,,,,,,,,,,,,,,,,,,,,,,,,,,,,,,,,,,,
catalogue,,,,,,,,,,,,,,,,,,,,,,,,,,,,,,,,,,,,,,,,,,,,,,,,,,,,,,,,,,,,,,,,,,,,,,,,,,,,,,,,,,,,,,,,,,,,
cattrs,attrs,exceptiongroup,typing-extensions,,,,,,,,,,,,,,,,,,,,,,,,,,,,,,,,,,,,,,,,,,,,,,,,,,,,,,,,,,,,,,,,,,,,,,,,,,,,,,,,,,,,,,,,,
cfgv,,,,,,,,,,,,,,,,,,,,,,,,,,,,,,,,,,,,,,,,,,,,,,,,,,,,,,,,,,,,,,,,,,,,,,,,,,,,,,,,,,,,,,,,,,,,
cleo,crashtest,rapidfuzz,,,,,,,,,,,,,,,,,,,,,,,,,,,,,,,,,,,,,,,,,,,,,,,,,,,,,,,,,,,,,,,,,,,,,,,,,,,,,,,,,,,,,,,,,,
cloudpathlib,typing-extensions,,,,,,,,,,,,,,,,,,,,,,,,,,,,,,,,,,,,,,,,,,,,,,,,,,,,,,,,,,,,,,,,,,,,,,,,,,,,,,,,,,,,,,,,,,,
confection,pydantic,srsly,,,,,,,,,,,,,,,,,,,,,,,,,,,,,,,,,,,,,,,,,,,,,,,,,,,,,,,,,,,,,,,,,,,,,,,,,,,,,,,,,,,,,,,,,,
configparser,,,,,,,,,,,,,,,,,,,,,,,,,,,,,,,,,,,,,,,,,,,,,,,,,,,,,,,,,,,,,,,,,,,,,,,,,,,,,,,,,,,,,,,,,,,,
coverage,,,,,,,,,,,,,,,,,,,,,,,,,,,,,,,,,,,,,,,,,,,,,,,,,,,,,,,,,,,,,,,,,,,,,,,,,,,,,,,,,,,,,,,,,,,,
cymem,,,,,,,,,,,,,,,,,,,,,,,,,,,,,,,,,,,,,,,,,,,,,,,,,,,,,,,,,,,,,,,,,,,,,,,,,,,,,,,,,,,,,,,,,,,,
cython,,,,,,,,,,,,,,,,,,,,,,,,,,,,,,,,,,,,,,,,,,,,,,,,,,,,,,,,,,,,,,,,,,,,,,,,,,,,,,,,,,,,,,,,,,,,
dash,blinker,certifi,charset-normalizer,click,dash-core-components,dash-html-components,dash-table,flask,idna,importlib-metadata,itsdangerous,jinja2,markupsafe,nest-asyncio,plotly,requests,retrying,setuptools,typing-extensions,urllib3,werkzeug,zipp,,,,,,,,,,,,,,,,,,,,,,,,,,,,,,,,,,,,,,,,,,,,,,,,,,,,,,,,,,,,,,,,,,,,,,
datasets,aiohappyeyeballs,aiohttp,aiosignal,async-timeout,attrs,certifi,charset-normalizer,dill,filelock,frozenlist,fsspec,huggingface-hub,idna,multidict,multiprocess,numpy,packaging,pandas,propcache,pyarrow,pyarrow-hotfix,python-dateutil,pytz,pyyaml,requests,six,tqdm,typing-extensions,tzdata,urllib3,xxhash,yarl,,,,,,,,,,,,,,,,,,,,,,,,,,,,,,,,,,,,,,,,,,,,,,,,,,,,,,,,,,,,
deepchecks,anyio,argon2-cffi,argon2-cffi-bindings,attrs,beautifulsoup4,bleach,category-encoders,certifi,cffi,charset-normalizer,comm,contourpy,cycler,debugpy,decorator,defusedxml,exceptiongroup,fastjsonschema,fonttools,idna,ipykernel,ipython,ipywidgets,jedi,jinja2,jsonpickle,jsonschema,jsonschema-specifications,jupyter-client,jupyter-core,jupyter-events,jupyter-server,jupyter-server-terminals,jupyterlab-pygments,jupyterlab-widgets,kiwisolver,markupsafe,matplotlib,matplotlib-inline,mistune,nbclient,nbconvert,nbformat,nest-asyncio,numpy,overrides,packaging,pandas,pandocfilters,parso,patsy,pexpect,pillow,platformdirs,plotly,prometheus-client,prompt-toolkit,psutil,ptyprocess,pycparser,pygments,pynomaly,pyparsing,python-dateutil,python-json-logger,pytz,pyyaml,pyzmq,referencing,requests,rfc3339-validator,rfc3986-validator,rpds-py,scikit-learn,scipy,send2trash,six,sniffio,soupsieve,stack-data,statsmodels,terminado,tinycss2,tornado,tqdm,traitlets,typing-extensions,tzdata,urllib3,webencodings,websocket-client,widgetsnbextension
deepdiff,orderly-set,,,,,,,,,,,,,,,,,,,,,,,,,,,,,,,,,,,,,,,,,,,,,,,,,,,,,,,,,,,,,,,,,,,,,,,,,,,,,,,,,,,,,,,,,,,
distlib,,,,,,,,,,,,,,,,,,,,,,,,,,,,,,,,,,,,,,,,,,,,,,,,,,,,,,,,,,,,,,,,,,,,,,,,,,,,,,,,,,,,,,,,,,,,
docutils,,,,,,,,,,,,,,,,,,,,,,,,,,,,,,,,,,,,,,,,,,,,,,,,,,,,,,,,,,,,,,,,,,,,,,,,,,,,,,,,,,,,,,,,,,,,
docx,lxml,pillow,,,,,,,,,,,,,,,,,,,,,,,,,,,,,,,,,,,,,,,,,,,,,,,,,,,,,,,,,,,,,,,,,,,,,,,,,,,,,,,,,,,,,,,,,,
dulwich,urllib3,,,,,,,,,,,,,,,,,,,,,,,,,,,,,,,,,,,,,,,,,,,,,,,,,,,,,,,,,,,,,,,,,,,,,,,,,,,,,,,,,,,,,,,,,,,
elasticsearch,certifi,elastic-transport,urllib3,,,,,,,,,,,,,,,,,,,,,,,,,,,,,,,,,,,,,,,,,,,,,,,,,,,,,,,,,,,,,,,,,,,,,,,,,,,,,,,,,,,,,,,,,
emoji,typing-extensions,,,,,,,,,,,,,,,,,,,,,,,,,,,,,,,,,,,,,,,,,,,,,,,,,,,,,,,,,,,,,,,,,,,,,,,,,,,,,,,,,,,,,,,,,,,
evidently,anyio,appdirs,certifi,charset-normalizer,click,distro,dynaconf,exceptiongroup,filelock,fsspec,h11,httpcore,httpx,idna,iterative-telemetry,joblib,litestar,litestar-htmx,msgspec,multidict,nltk,numpy,pandas,plotly,polyfactory,pydantic,python-dateutil,pytz,pyyaml,regex,requests,rich,rich-click,scikit-learn,scipy,six,sniffio,statsmodels,tqdm,typer,typing-extensions,typing-inspect,tzdata,urllib3,uvicorn,watchdog,,,,,,,,,,,,,,,,,,,,,,,,,,,,,,,,,,,,,,,,,,,,,,
executing,,,,,,,,,,,,,,,,,,,,,,,,,,,,,,,,,,,,,,,,,,,,,,,,,,,,,,,,,,,,,,,,,,,,,,,,,,,,,,,,,,,,,,,,,,,,
faiss,,,,,,,,,,,,,,,,,,,,,,,,,,,,,,,,,,,,,,,,,,,,,,,,,,,,,,,,,,,,,,,,,,,,,,,,,,,,,,,,,,,,,,,,,,,,
faiss-cpu,,,,,,,,,,,,,,,,,,,,,,,,,,,,,,,,,,,,,,,,,,,,,,,,,,,,,,,,,,,,,,,,,,,,,,,,,,,,,,,,,,,,,,,,,,,,
faiss-gpu,,,,,,,,,,,,,,,,,,,,,,,,,,,,,,,,,,,,,,,,,,,,,,,,,,,,,,,,,,,,,,,,,,,,,,,,,,,,,,,,,,,,,,,,,,,,
faker,python-dateutil,six,,,,,,,,,,,,,,,,,,,,,,,,,,,,,,,,,,,,,,,,,,,,,,,,,,,,,,,,,,,,,,,,,,,,,,,,,,,,,,,,,,,,,,,,,,
farm-haystack,anyio,attrs,boilerpy3,certifi,charset-normalizer,events,exceptiongroup,h11,httpcore,httpx,idna,jsonschema,jsonschema-specifications,lazy-imports,more-itertools,networkx,numpy,pandas,pillow,platformdirs,posthog,prompthub-py,pydantic,python-dateutil,pytz,quantulum3,rank-bm25,referencing,requests,requests-cache,rpds-py,scikit-learn,six,sniffio,sseclient-py,tenacity,tiktoken,tqdm,transformers,typing-extensions,tzdata,urllib3,,,,,,,,,,,,,,,,,,,,,,,,,,,,,,,,,,,,,,,,,,,,,,,,,,
filetype,,,,,,,,,,,,,,,,,,,,,,,,,,,,,,,,,,,,,,,,,,,,,,,,,,,,,,,,,,,,,,,,,,,,,,,,,,,,,,,,,,,,,,,,,,,,
flake8,mccabe,pycodestyle,pyflakes,,,,,,,,,,,,,,,,,,,,,,,,,,,,,,,,,,,,,,,,,,,,,,,,,,,,,,,,,,,,,,,,,,,,,,,,,,,,,,,,,,,,,,,,,
flask-httpauth,blinker,click,flask,itsdangerous,jinja2,markupsafe,werkzeug,,,,,,,,,,,,,,,,,,,,,,,,,,,,,,,,,,,,,,,,,,,,,,,,,,,,,,,,,,,,,,,,,,,,,,,,,,,,,,,,,,,,,
flask-sqlalchemy,blinker,click,flask,itsdangerous,jinja2,markupsafe,sqlalchemy,werkzeug,,,,,,,,,,,,,,,,,,,,,,,,,,,,,,,,,,,,,,,,,,,,,,,,,,,,,,,,,,,,,,,,,,,,,,,,,,,,,,,,,,,,
flask-swagger-ui,blinker,click,flask,itsdangerous,jinja2,markupsafe,werkzeug,,,,,,,,,,,,,,,,,,,,,,,,,,,,,,,,,,,,,,,,,,,,,,,,,,,,,,,,,,,,,,,,,,,,,,,,,,,,,,,,,,,,,
fqdn,,,,,,,,,,,,,,,,,,,,,,,,,,,,,,,,,,,,,,,,,,,,,,,,,,,,,,,,,,,,,,,,,,,,,,,,,,,,,,,,,,,,,,,,,,,,
future,,,,,,,,,,,,,,,,,,,,,,,,,,,,,,,,,,,,,,,,,,,,,,,,,,,,,,,,,,,,,,,,,,,,,,,,,,,,,,,,,,,,,,,,,,,,
fuzzywuzzy,,,,,,,,,,,,,,,,,,,,,,,,,,,,,,,,,,,,,,,,,,,,,,,,,,,,,,,,,,,,,,,,,,,,,,,,,,,,,,,,,,,,,,,,,,,,
gast,,,,,,,,,,,,,,,,,,,,,,,,,,,,,,,,,,,,,,,,,,,,,,,,,,,,,,,,,,,,,,,,,,,,,,,,,,,,,,,,,,,,,,,,,,,,
gensim,,,,,,,,,,,,,,,,,,,,,,,,,,,,,,,,,,,,,,,,,,,,,,,,,,,,,,,,,,,,,,,,,,,,,,,,,,,,,,,,,,,,,,,,,,,,
google-generativeai,cachetools,certifi,charset-normalizer,google-ai-generativelanguage,google-api-core,google-auth,googleapis-common-protos,idna,proto-plus,protobuf,pyasn1-modules,requests,rsa,tqdm,urllib3,,,,,,,,,,,,,,,,,,,,,,,,,,,,,,,,,,,,,,,,,,,,,,,,,,,,,,,,,,,,,,,,,,,,,,,,,,,,,
google-pasta,six,,,,,,,,,,,,,,,,,,,,,,,,,,,,,,,,,,,,,,,,,,,,,,,,,,,,,,,,,,,,,,,,,,,,,,,,,,,,,,,,,,,,,,,,,,,
graphframes,nose,numpy,,,,,,,,,,,,,,,,,,,,,,,,,,,,,,,,,,,,,,,,,,,,,,,,,,,,,,,,,,,,,,,,,,,,,,,,,,,,,,,,,,,,,,,,,,
great-expectations,altair,attrs,certifi,cffi,charset-normalizer,cryptography,idna,jinja2,jsonschema,jsonschema-specifications,markupsafe,marshmallow,mistune,narwhals,numpy,packaging,pandas,posthog,pycparser,pydantic,pyparsing,python-dateutil,pytz,referencing,requests,rpds-py,ruamel-yaml,scipy,six,tqdm,typing-extensions,tzdata,tzlocal,urllib3,,,,,,,,,,,,,,,,,,,,,,,,,,,,,,,,,,,,,,,,,,,,,,,,,,,,,,,,,,
greenlet,,,,,,,,,,,,,,,,,,,,,,,,,,,,,,,,,,,,,,,,,,,,,,,,,,,,,,,,,,,,,,,,,,,,,,,,,,,,,,,,,,,,,,,,,,,,
grpcio-status,googleapis-common-protos,grpcio,protobuf,,,,,,,,,,,,,,,,,,,,,,,,,,,,,,,,,,,,,,,,,,,,,,,,,,,,,,,,,,,,,,,,,,,,,,,,,,,,,,,,,,,,,,,,,
httptools,,,,,,,,,,,,,,,,,,,,,,,,,,,,,,,,,,,,,,,,,,,,,,,,,,,,,,,,,,,,,,,,,,,,,,,,,,,,,,,,,,,,,,,,,,,,
identify,,,,,,,,,,,,,,,,,,,,,,,,,,,,,,,,,,,,,,,,,,,,,,,,,,,,,,,,,,,,,,,,,,,,,,,,,,,,,,,,,,,,,,,,,,,,
imbalanced-learn,joblib,numpy,scikit-learn,scipy,threadpoolctl,,,,,,,,,,,,,,,,,,,,,,,,,,,,,,,,,,,,,,,,,,,,,,,,,,,,,,,,,,,,,,,,,,,,,,,,,,,,,,,,,,,,,,,
inflect,more-itertools,typeguard,,,,,,,,,,,,,,,,,,,,,,,,,,,,,,,,,,,,,,,,,,,,,,,,,,,,,,,,,,,,,,,,,,,,,,,,,,,,,,,,,,,,,,,,,,
iniconfig,,,,,,,,,,,,,,,,,,,,,,,,,,,,,,,,,,,,,,,,,,,,,,,,,,,,,,,,,,,,,,,,,,,,,,,,,,,,,,,,,,,,,,,,,,,,
installer,,,,,,,,,,,,,,,,,,,,,,,,,,,,,,,,,,,,,,,,,,,,,,,,,,,,,,,,,,,,,,,,,,,,,,,,,,,,,,,,,,,,,,,,,,,,
invoke,,,,,,,,,,,,,,,,,,,,,,,,,,,,,,,,,,,,,,,,,,,,,,,,,,,,,,,,,,,,,,,,,,,,,,,,,,,,,,,,,,,,,,,,,,,,
ipython-genutils,,,,,,,,,,,,,,,,,,,,,,,,,,,,,,,,,,,,,,,,,,,,,,,,,,,,,,,,,,,,,,,,,,,,,,,,,,,,,,,,,,,,,,,,,,,,
isoduration,arrow,python-dateutil,six,types-python-dateutil,,,,,,,,,,,,,,,,,,,,,,,,,,,,,,,,,,,,,,,,,,,,,,,,,,,,,,,,,,,,,,,,,,,,,,,,,,,,,,,,,,,,,,,,
isort,,,,,,,,,,,,,,,,,,,,,,,,,,,,,,,,,,,,,,,,,,,,,,,,,,,,,,,,,,,,,,,,,,,,,,,,,,,,,,,,,,,,,,,,,,,,
jaraco.classes,,,,,,,,,,,,,,,,,,,,,,,,,,,,,,,,,,,,,,,,,,,,,,,,,,,,,,,,,,,,,,,,,,,,,,,,,,,,,,,,,,,,,,,,,,,,
jaraco.context,,,,,,,,,,,,,,,,,,,,,,,,,,,,,,,,,,,,,,,,,,,,,,,,,,,,,,,,,,,,,,,,,,,,,,,,,,,,,,,,,,,,,,,,,,,,
jaraco.functools,,,,,,,,,,,,,,,,,,,,,,,,,,,,,,,,,,,,,,,,,,,,,,,,,,,,,,,,,,,,,,,,,,,,,,,,,,,,,,,,,,,,,,,,,,,,
jellyfish,,,,,,,,,,,,,,,,,,,,,,,,,,,,,,,,,,,,,,,,,,,,,,,,,,,,,,,,,,,,,,,,,,,,,,,,,,,,,,,,,,,,,,,,,,,,
jsonpath-ng,ply,,,,,,,,,,,,,,,,,,,,,,,,,,,,,,,,,,,,,,,,,,,,,,,,,,,,,,,,,,,,,,,,,,,,,,,,,,,,,,,,,,,,,,,,,,,
jsonpath-python,,,,,,,,,,,,,,,,,,,,,,,,,,,,,,,,,,,,,,,,,,,,,,,,,,,,,,,,,,,,,,,,,,,,,,,,,,,,,,,,,,,,,,,,,,,,
kaleido,,,,,,,,,,,,,,,,,,,,,,,,,,,,,,,,,,,,,,,,,,,,,,,,,,,,,,,,,,,,,,,,,,,,,,,,,,,,,,,,,,,,,,,,,,,,
kedro-azureml,,,,,,,,,,,,,,,,,,,,,,,,,,,,,,,,,,,,,,,,,,,,,,,,,,,,,,,,,,,,,,,,,,,,,,,,,,,,,,,,,,,,,,,,,,,,
kedro-boot,antlr4-python3-runtime,appdirs,arrow,attrs,binaryornot,build,cachetools,certifi,chardet,charset-normalizer,click,cookiecutter,dynaconf,fsspec,gitdb,gitpython,idna,importlib-metadata,importlib-resources,jinja2,kedro,kedro-telemetry,markupsafe,more-itertools,omegaconf,packaging,parse,pluggy,pre-commit-hooks,pyproject-hooks,python-dateutil,python-slugify,pyyaml,requests,rich,rope,six,smmap,toml,tomli,types-python-dateutil,typing-extensions,urllib3,zipp,,,,,,,,,,,,,,,,,,,,,,,,,,,,,,,,,,,,,,,,,,,,,,,,
kedro-datasets,antlr4-python3-runtime,appdirs,arrow,attrs,binaryornot,build,cachetools,certifi,chardet,charset-normalizer,click,cookiecutter,dynaconf,fsspec,gitdb,gitpython,idna,importlib-metadata,importlib-resources,jinja2,kedro,kedro-telemetry,lazy-loader,markupsafe,more-itertools,omegaconf,packaging,parse,pluggy,pre-commit-hooks,pyproject-hooks,python-dateutil,python-slugify,pyyaml,requests,rich,rope,six,smmap,toml,tomli,types-python-dateutil,typing-extensions,urllib3,zipp,,,,,,,,,,,,,,,,,,,,,,,,,,,,,,,,,,,,,,,,,,,,,,,
kedro-docker,antlr4-python3-runtime,anyconfig,appdirs,arrow,attrs,binaryornot,build,cachetools,certifi,chardet,charset-normalizer,click,cookiecutter,dynaconf,fsspec,gitdb,gitpython,idna,importlib-metadata,importlib-resources,jinja2,kedro,kedro-telemetry,markupsafe,more-itertools,omegaconf,packaging,parse,pluggy,pre-commit-hooks,pyproject-hooks,python-dateutil,python-slugify,pyyaml,requests,rich,rope,semver,six,smmap,toml,tomli,types-python-dateutil,typing-extensions,urllib3,zipp,,,,,,,,,,,,,,,,,,,,,,,,,,,,,,,,,,,,,,,,,,,,,,
kedro-fast-api,antlr4-python3-runtime,anyio,appdirs,arrow,attrs,binaryornot,build,cachetools,certifi,chardet,charset-normalizer,click,cookiecutter,dnspython,dynaconf,email-validator,exceptiongroup,fastapi,fastapi-cli,fsspec,gitdb,gitpython,h11,httpcore,httpx,idna,importlib-metadata,importlib-resources,jinja2,kedro,kedro-telemetry,markupsafe,more-itertools,omegaconf,packaging,parse,pluggy,pre-commit-hooks,pydantic,pyproject-hooks,python-dateutil,python-multipart,python-slugify,pyyaml,requests,rich,rope,six,smmap,sniffio,starlette,toml,tomli,typer,types-python-dateutil,typing-extensions,urllib3,uvicorn,zipp,,,,,,,,,,,,,,,,,,,,,,,,,,,,,,,,,
kedro-viz,aiofiles,antlr4-python3-runtime,anyio,appdirs,arrow,attrs,binaryornot,build,cachetools,certifi,chardet,charset-normalizer,click,click-default-group,cookiecutter,decorator,dnspython,dynaconf,email-validator,exceptiongroup,fastapi,fastapi-cli,fsspec,gitdb,gitpython,h11,httpcore,httpx,idna,importlib-metadata,importlib-resources,ipython,jedi,jinja2,kedro,kedro-telemetry,markupsafe,matplotlib-inline,more-itertools,networkx,numpy,omegaconf,orjson,packaging,pandas,parse,parso,pexpect,plotly,pluggy,pre-commit-hooks,prompt-toolkit,ptyprocess,pydantic,pygments,pyproject-hooks,python-dateutil,python-multipart,python-slugify,pytz,pyyaml,requests,rich,rope,secure,six,smmap,sniffio,sqlalchemy,stack-data,starlette,strawberry-graphql,toml,tomli,toposort,traitlets,typer,types-python-dateutil,typing-extensions,tzdata,urllib3,uvicorn,watchgod,zipp,,,,,,,,
keras,absl-py,h5py,ml-dtypes,namex,numpy,optree,packaging,rich,typing-extensions,,,,,,,,,,,,,,,,,,,,,,,,,,,,,,,,,,,,,,,,,,,,,,,,,,,,,,,,,,,,,,,,,,,,,,,,,,,,,,,,,,,
lancedb,attrs,cachetools,certifi,charset-normalizer,deprecation,idna,overrides,packaging,pydantic,pylance,ratelimiter,requests,retry,tqdm,urllib3,,,,,,,,,,,,,,,,,,,,,,,,,,,,,,,,,,,,,,,,,,,,,,,,,,,,,,,,,,,,,,,,,,,,,,,,,,,,,
langchain-community,aiohappyeyeballs,aiohttp,aiosignal,anyio,async-timeout,attrs,certifi,charset-normalizer,dataclasses-json,exceptiongroup,frozenlist,h11,httpcore,httpx,idna,jsonpatch,jsonpointer,langchain,langchain-core,langchain-text-splitters,langsmith,marshmallow,multidict,numpy,orjson,packaging,propcache,pydantic,pyyaml,requests,requests-toolbelt,sniffio,sqlalchemy,tenacity,typing-extensions,typing-inspect,urllib3,yarl,zstandard,,,,,,,,,,,,,,,,,,,,,,,,,,,,,,,,,,,,,,,,,,,,,,,,,,,,,
langchain-openai,anyio,certifi,charset-normalizer,distro,exceptiongroup,h11,httpcore,httpx,idna,jiter,jsonpatch,jsonpointer,langchain-core,langsmith,openai,orjson,packaging,pydantic,pyyaml,requests,requests-toolbelt,sniffio,tenacity,tiktoken,tqdm,typing-extensions,urllib3,zstandard,,,,,,,,,,,,,,,,,,,,,,,,,,,,,,,,,,,,,,,,,,,,,,,,,,,,,,,,,,,,,,,,
langcodes,language-data,marisa-trie,setuptools,,,,,,,,,,,,,,,,,,,,,,,,,,,,,,,,,,,,,,,,,,,,,,,,,,,,,,,,,,,,,,,,,,,,,,,,,,,,,,,,,,,,,,,,,
langdetect,six,,,,,,,,,,,,,,,,,,,,,,,,,,,,,,,,,,,,,,,,,,,,,,,,,,,,,,,,,,,,,,,,,,,,,,,,,,,,,,,,,,,,,,,,,,,
ldap3,pyasn1,,,,,,,,,,,,,,,,,,,,,,,,,,,,,,,,,,,,,,,,,,,,,,,,,,,,,,,,,,,,,,,,,,,,,,,,,,,,,,,,,,,,,,,,,,,
libclang,,,,,,,,,,,,,,,,,,,,,,,,,,,,,,,,,,,,,,,,,,,,,,,,,,,,,,,,,,,,,,,,,,,,,,,,,,,,,,,,,,,,,,,,,,,,
lightfm,certifi,charset-normalizer,idna,numpy,requests,scikit-learn,scipy,urllib3,,,,,,,,,,,,,,,,,,,,,,,,,,,,,,,,,,,,,,,,,,,,,,,,,,,,,,,,,,,,,,,,,,,,,,,,,,,,,,,,,,,,
lightgbm,numpy,scipy,,,,,,,,,,,,,,,,,,,,,,,,,,,,,,,,,,,,,,,,,,,,,,,,,,,,,,,,,,,,,,,,,,,,,,,,,,,,,,,,,,,,,,,,,,
lime,contourpy,cycler,fonttools,kiwisolver,matplotlib,numpy,packaging,pillow,pyparsing,python-dateutil,scikit-image,scikit-learn,scipy,six,tqdm,,,,,,,,,,,,,,,,,,,,,,,,,,,,,,,,,,,,,,,,,,,,,,,,,,,,,,,,,,,,,,,,,,,,,,,,,,,,,
llama-hub,aiohappyeyeballs,aiohttp,aiosignal,anyio,async-timeout,attrs,beautifulsoup4,certifi,charset-normalizer,click,dataclasses-json,deprecated,dirtyjson,distro,exceptiongroup,frozenlist,fsspec,h11,html2text,httpcore,httpx,idna,jiter,joblib,llama-cloud,llama-index,llama-index-agent-openai,llama-index-cli,llama-index-core,llama-index-embeddings-openai,llama-index-indices-managed-llama-cloud,llama-index-legacy,llama-index-llms-openai,llama-index-multi-modal-llms-openai,llama-index-program-openai,llama-index-question-gen-openai,llama-index-readers-file,llama-index-readers-llama-parse,llama-parse,marshmallow,multidict,nest-asyncio,networkx,nltk,numpy,openai,packaging,pandas,pillow,propcache,psutil,pyaml,pydantic,pypdf,python-dateutil,pytz,pyyaml,regex,requests,retrying,six,sniffio,soupsieve,sqlalchemy,striprtf,tenacity,tiktoken,tqdm,typing-extensions,typing-inspect,tzdata,urllib3,wrapt,yarl,,,,,,,,,,,,,,,,,,
llama-index-embeddings-azure-openai,aiohappyeyeballs,aiohttp,aiosignal,anyio,async-timeout,attrs,azure-core,azure-identity,certifi,cffi,charset-normalizer,click,cryptography,dataclasses-json,deprecated,dirtyjson,distro,exceptiongroup,frozenlist,fsspec,h11,httpcore,httpx,idna,jiter,joblib,llama-index-core,llama-index-embeddings-openai,llama-index-llms-azure-openai,llama-index-llms-openai,marshmallow,msal,msal-extensions,multidict,nest-asyncio,networkx,nltk,numpy,openai,packaging,pillow,portalocker,propcache,pycparser,pydantic,pyjwt,pyyaml,regex,requests,six,sniffio,sqlalchemy,tenacity,tiktoken,tqdm,typing-extensions,typing-inspect,urllib3,wrapt,yarl,,,,,,,,,,,,,,,,,,,,,,,,,,,,,,,,
llamaindex-py-client,anyio,certifi,exceptiongroup,h11,httpcore,httpx,idna,pydantic,sniffio,typing-extensions,,,,,,,,,,,,,,,,,,,,,,,,,,,,,,,,,,,,,,,,,,,,,,,,,,,,,,,,,,,,,,,,,,,,,,,,,,,,,,,,,,
llama-index-readers-json,aiohappyeyeballs,aiohttp,aiosignal,anyio,async-timeout,attrs,certifi,charset-normalizer,click,dataclasses-json,deprecated,dirtyjson,exceptiongroup,frozenlist,fsspec,h11,httpcore,httpx,idna,joblib,llama-index-core,marshmallow,multidict,nest-asyncio,networkx,nltk,numpy,packaging,pillow,propcache,pydantic,pyyaml,regex,requests,sniffio,sqlalchemy,tenacity,tiktoken,tqdm,typing-extensions,typing-inspect,urllib3,wrapt,yarl,,,,,,,,,,,,,,,,,,,,,,,,,,,,,,,,,,,,,,,,,,,,,,,,
llama-index-vector-stores-azurecosmosmongo,aiohappyeyeballs,aiohttp,aiosignal,anyio,async-timeout,attrs,certifi,charset-normalizer,click,dataclasses-json,deprecated,dirtyjson,exceptiongroup,frozenlist,fsspec,h11,httpcore,httpx,idna,joblib,llama-index-core,marshmallow,multidict,nest-asyncio,networkx,nltk,numpy,packaging,pillow,propcache,pydantic,pymongo,pyyaml,regex,requests,sniffio,sqlalchemy,tenacity,tiktoken,tqdm,typing-extensions,typing-inspect,urllib3,wrapt,yarl,,,,,,,,,,,,,,,,,,,,,,,,,,,,,,,,,,,,,,,,,,,,,,,
markdown-it-py,mdurl,,,,,,,,,,,,,,,,,,,,,,,,,,,,,,,,,,,,,,,,,,,,,,,,,,,,,,,,,,,,,,,,,,,,,,,,,,,,,,,,,,,,,,,,,,,
mlflow,alembic,aniso8601,blinker,cachetools,certifi,charset-normalizer,click,cloudpickle,contourpy,cycler,databricks-sdk,deprecated,docker,entrypoints,flask,fonttools,gitdb,gitpython,google-auth,graphene,graphql-core,graphql-relay,gunicorn,idna,importlib-metadata,itsdangerous,jinja2,kiwisolver,mako,markdown,markupsafe,matplotlib,mlflow-skinny,numpy,opentelemetry-api,opentelemetry-sdk,opentelemetry-semantic-conventions,packaging,pandas,pillow,protobuf,pyarrow,pyasn1-modules,pyparsing,python-dateutil,pytz,pyyaml,querystring-parser,requests,rsa,scikit-learn,scipy,six,smmap,sqlalchemy,sqlparse,typing-extensions,tzdata,urllib3,werkzeug,wrapt,zipp,,,,,,,,,,,,,,,,,,,,,,,,,,,,,,
mongomock-motor,mongomock,packaging,sentinels,,,,,,,,,,,,,,,,,,,,,,,,,,,,,,,,,,,,,,,,,,,,,,,,,,,,,,,,,,,,,,,,,,,,,,,,,,,,,,,,,,,,,,,,,
monotonic,,,,,,,,,,,,,,,,,,,,,,,,,,,,,,,,,,,,,,,,,,,,,,,,,,,,,,,,,,,,,,,,,,,,,,,,,,,,,,,,,,,,,,,,,,,,
motor-types,pymongo,typing-extensions,,,,,,,,,,,,,,,,,,,,,,,,,,,,,,,,,,,,,,,,,,,,,,,,,,,,,,,,,,,,,,,,,,,,,,,,,,,,,,,,,,,,,,,,,,
mpmath,,,,,,,,,,,,,,,,,,,,,,,,,,,,,,,,,,,,,,,,,,,,,,,,,,,,,,,,,,,,,,,,,,,,,,,,,,,,,,,,,,,,,,,,,,,,
murmurhash,,,,,,,,,,,,,,,,,,,,,,,,,,,,,,,,,,,,,,,,,,,,,,,,,,,,,,,,,,,,,,,,,,,,,,,,,,,,,,,,,,,,,,,,,,,,
mypy,mypy-extensions,tomli,typing-extensions,,,,,,,,,,,,,,,,,,,,,,,,,,,,,,,,,,,,,,,,,,,,,,,,,,,,,,,,,,,,,,,,,,,,,,,,,,,,,,,,,,,,,,,,,
neo4j,pytz,,,,,,,,,,,,,,,,,,,,,,,,,,,,,,,,,,,,,,,,,,,,,,,,,,,,,,,,,,,,,,,,,,,,,,,,,,,,,,,,,,,,,,,,,,,
nh3,,,,,,,,,,,,,,,,,,,,,,,,,,,,,,,,,,,,,,,,,,,,,,,,,,,,,,,,,,,,,,,,,,,,,,,,,,,,,,,,,,,,,,,,,,,,
nodeenv,,,,,,,,,,,,,,,,,,,,,,,,,,,,,,,,,,,,,,,,,,,,,,,,,,,,,,,,,,,,,,,,,,,,,,,,,,,,,,,,,,,,,,,,,,,,
notebook,anyio,argon2-cffi,argon2-cffi-bindings,async-lru,attrs,babel,beautifulsoup4,bleach,certifi,cffi,charset-normalizer,comm,debugpy,decorator,defusedxml,exceptiongroup,fastjsonschema,h11,httpcore,httpx,idna,ipykernel,ipython,jedi,jinja2,json5,jsonschema,jsonschema-specifications,jupyter-client,jupyter-core,jupyter-events,jupyter-lsp,jupyter-server,jupyter-server-terminals,jupyterlab,jupyterlab-pygments,jupyterlab-server,markupsafe,matplotlib-inline,mistune,nbclient,nbconvert,nbformat,nest-asyncio,notebook-shim,overrides,packaging,pandocfilters,parso,pexpect,platformdirs,prometheus-client,prompt-toolkit,psutil,ptyprocess,pycparser,pygments,python-dateutil,python-json-logger,pyyaml,pyzmq,referencing,requests,rfc3339-validator,rfc3986-validator,rpds-py,send2trash,setuptools,six,sniffio,soupsieve,stack-data,terminado,tinycss2,tomli,tornado,traitlets,typing-extensions,urllib3,webencodings,websocket-client,,,,,,,,,,,
num2words,,,,,,,,,,,,,,,,,,,,,,,,,,,,,,,,,,,,,,,,,,,,,,,,,,,,,,,,,,,,,,,,,,,,,,,,,,,,,,,,,,,,,,,,,,,,
oauthlib,,,,,,,,,,,,,,,,,,,,,,,,,,,,,,,,,,,,,,,,,,,,,,,,,,,,,,,,,,,,,,,,,,,,,,,,,,,,,,,,,,,,,,,,,,,,
olefile,,,,,,,,,,,,,,,,,,,,,,,,,,,,,,,,,,,,,,,,,,,,,,,,,,,,,,,,,,,,,,,,,,,,,,,,,,,,,,,,,,,,,,,,,,,,
onnx,numpy,protobuf,,,,,,,,,,,,,,,,,,,,,,,,,,,,,,,,,,,,,,,,,,,,,,,,,,,,,,,,,,,,,,,,,,,,,,,,,,,,,,,,,,,,,,,,,,
onnxruntime,coloredlogs,flatbuffers,humanfriendly,numpy,packaging,protobuf,sympy,,,,,,,,,,,,,,,,,,,,,,,,,,,,,,,,,,,,,,,,,,,,,,,,,,,,,,,,,,,,,,,,,,,,,,,,,,,,,,,,,,,,,
opencv-python,,,,,,,,,,,,,,,,,,,,,,,,,,,,,,,,,,,,,,,,,,,,,,,,,,,,,,,,,,,,,,,,,,,,,,,,,,,,,,,,,,,,,,,,,,,,
openpyxl,et-xmlfile,,,,,,,,,,,,,,,,,,,,,,,,,,,,,,,,,,,,,,,,,,,,,,,,,,,,,,,,,,,,,,,,,,,,,,,,,,,,,,,,,,,,,,,,,,,
opensearch-py,certifi,charset-normalizer,idna,python-dateutil,requests,six,urllib3,,,,,,,,,,,,,,,,,,,,,,,,,,,,,,,,,,,,,,,,,,,,,,,,,,,,,,,,,,,,,,,,,,,,,,,,,,,,,,,,,,,,,
opt-einsum,,,,,,,,,,,,,,,,,,,,,,,,,,,,,,,,,,,,,,,,,,,,,,,,,,,,,,,,,,,,,,,,,,,,,,,,,,,,,,,,,,,,,,,,,,,,
optuna,alembic,colorlog,mako,markupsafe,numpy,packaging,pyyaml,sqlalchemy,tqdm,typing-extensions,,,,,,,,,,,,,,,,,,,,,,,,,,,,,,,,,,,,,,,,,,,,,,,,,,,,,,,,,,,,,,,,,,,,,,,,,,,,,,,,,,
outcome,attrs,,,,,,,,,,,,,,,,,,,,,,,,,,,,,,,,,,,,,,,,,,,,,,,,,,,,,,,,,,,,,,,,,,,,,,,,,,,,,,,,,,,,,,,,,,,
pbr,,,,,,,,,,,,,,,,,,,,,,,,,,,,,,,,,,,,,,,,,,,,,,,,,,,,,,,,,,,,,,,,,,,,,,,,,,,,,,,,,,,,,,,,,,,,
pdf2image,pillow,,,,,,,,,,,,,,,,,,,,,,,,,,,,,,,,,,,,,,,,,,,,,,,,,,,,,,,,,,,,,,,,,,,,,,,,,,,,,,,,,,,,,,,,,,,
pdfminer,pycryptodome,,,,,,,,,,,,,,,,,,,,,,,,,,,,,,,,,,,,,,,,,,,,,,,,,,,,,,,,,,,,,,,,,,,,,,,,,,,,,,,,,,,,,,,,,,,
pdfrw,,,,,,,,,,,,,,,,,,,,,,,,,,,,,,,,,,,,,,,,,,,,,,,,,,,,,,,,,,,,,,,,,,,,,,,,,,,,,,,,,,,,,,,,,,,,
plotly-resampler,,,,,,,,,,,,,,,,,,,,,,,,,,,,,,,,,,,,,,,,,,,,,,,,,,,,,,,,,,,,,,,,,,,,,,,,,,,,,,,,,,,,,,,,,,,,
pmdarima,,,,,,,,,,,,,,,,,,,,,,,,,,,,,,,,,,,,,,,,,,,,,,,,,,,,,,,,,,,,,,,,,,,,,,,,,,,,,,,,,,,,,,,,,,,,
poetry,,,,,,,,,,,,,,,,,,,,,,,,,,,,,,,,,,,,,,,,,,,,,,,,,,,,,,,,,,,,,,,,,,,,,,,,,,,,,,,,,,,,,,,,,,,,
poetry-core,,,,,,,,,,,,,,,,,,,,,,,,,,,,,,,,,,,,,,,,,,,,,,,,,,,,,,,,,,,,,,,,,,,,,,,,,,,,,,,,,,,,,,,,,,,,
poetry-plugin-export,,,,,,,,,,,,,,,,,,,,,,,,,,,,,,,,,,,,,,,,,,,,,,,,,,,,,,,,,,,,,,,,,,,,,,,,,,,,,,,,,,,,,,,,,,,,
pre-commit,,,,,,,,,,,,,,,,,,,,,,,,,,,,,,,,,,,,,,,,,,,,,,,,,,,,,,,,,,,,,,,,,,,,,,,,,,,,,,,,,,,,,,,,,,,,
preshed,,,,,,,,,,,,,,,,,,,,,,,,,,,,,,,,,,,,,,,,,,,,,,,,,,,,,,,,,,,,,,,,,,,,,,,,,,,,,,,,,,,,,,,,,,,,
pure-eval,,,,,,,,,,,,,,,,,,,,,,,,,,,,,,,,,,,,,,,,,,,,,,,,,,,,,,,,,,,,,,,,,,,,,,,,,,,,,,,,,,,,,,,,,,,,
py,,,,,,,,,,,,,,,,,,,,,,,,,,,,,,,,,,,,,,,,,,,,,,,,,,,,,,,,,,,,,,,,,,,,,,,,,,,,,,,,,,,,,,,,,,,,
pyctuator,,,,,,,,,,,,,,,,,,,,,,,,,,,,,,,,,,,,,,,,,,,,,,,,,,,,,,,,,,,,,,,,,,,,,,,,,,,,,,,,,,,,,,,,,,,,
pydantic-core,,,,,,,,,,,,,,,,,,,,,,,,,,,,,,,,,,,,,,,,,,,,,,,,,,,,,,,,,,,,,,,,,,,,,,,,,,,,,,,,,,,,,,,,,,,,
pydantic-settings,,,,,,,,,,,,,,,,,,,,,,,,,,,,,,,,,,,,,,,,,,,,,,,,,,,,,,,,,,,,,,,,,,,,,,,,,,,,,,,,,,,,,,,,,,,,
pydeck,,,,,,,,,,,,,,,,,,,,,,,,,,,,,,,,,,,,,,,,,,,,,,,,,,,,,,,,,,,,,,,,,,,,,,,,,,,,,,,,,,,,,,,,,,,,
pyhive,,,,,,,,,,,,,,,,,,,,,,,,,,,,,,,,,,,,,,,,,,,,,,,,,,,,,,,,,,,,,,,,,,,,,,,,,,,,,,,,,,,,,,,,,,,,
pylint,,,,,,,,,,,,,,,,,,,,,,,,,,,,,,,,,,,,,,,,,,,,,,,,,,,,,,,,,,,,,,,,,,,,,,,,,,,,,,,,,,,,,,,,,,,,
pyltr,,,,,,,,,,,,,,,,,,,,,,,,,,,,,,,,,,,,,,,,,,,,,,,,,,,,,,,,,,,,,,,,,,,,,,,,,,,,,,,,,,,,,,,,,,,,
pymupdf,,,,,,,,,,,,,,,,,,,,,,,,,,,,,,,,,,,,,,,,,,,,,,,,,,,,,,,,,,,,,,,,,,,,,,,,,,,,,,,,,,,,,,,,,,,,
pymupdfb,,,,,,,,,,,,,,,,,,,,,,,,,,,,,,,,,,,,,,,,,,,,,,,,,,,,,,,,,,,,,,,,,,,,,,,,,,,,,,,,,,,,,,,,,,,,
pyodbc,,,,,,,,,,,,,,,,,,,,,,,,,,,,,,,,,,,,,,,,,,,,,,,,,,,,,,,,,,,,,,,,,,,,,,,,,,,,,,,,,,,,,,,,,,,,
pyproject-api,,,,,,,,,,,,,,,,,,,,,,,,,,,,,,,,,,,,,,,,,,,,,,,,,,,,,,,,,,,,,,,,,,,,,,,,,,,,,,,,,,,,,,,,,,,,
pysocks,,,,,,,,,,,,,,,,,,,,,,,,,,,,,,,,,,,,,,,,,,,,,,,,,,,,,,,,,,,,,,,,,,,,,,,,,,,,,,,,,,,,,,,,,,,,
pytesseract,,,,,,,,,,,,,,,,,,,,,,,,,,,,,,,,,,,,,,,,,,,,,,,,,,,,,,,,,,,,,,,,,,,,,,,,,,,,,,,,,,,,,,,,,,,,
pytest-asyncio,,,,,,,,,,,,,,,,,,,,,,,,,,,,,,,,,,,,,,,,,,,,,,,,,,,,,,,,,,,,,,,,,,,,,,,,,,,,,,,,,,,,,,,,,,,,
pytest-cov,,,,,,,,,,,,,,,,,,,,,,,,,,,,,,,,,,,,,,,,,,,,,,,,,,,,,,,,,,,,,,,,,,,,,,,,,,,,,,,,,,,,,,,,,,,,
pytest-httpx,,,,,,,,,,,,,,,,,,,,,,,,,,,,,,,,,,,,,,,,,,,,,,,,,,,,,,,,,,,,,,,,,,,,,,,,,,,,,,,,,,,,,,,,,,,,
pytest-mock,,,,,,,,,,,,,,,,,,,,,,,,,,,,,,,,,,,,,,,,,,,,,,,,,,,,,,,,,,,,,,,,,,,,,,,,,,,,,,,,,,,,,,,,,,,,
pytest-sugar,,,,,,,,,,,,,,,,,,,,,,,,,,,,,,,,,,,,,,,,,,,,,,,,,,,,,,,,,,,,,,,,,,,,,,,,,,,,,,,,,,,,,,,,,,,,
python-dotenv,,,,,,,,,,,,,,,,,,,,,,,,,,,,,,,,,,,,,,,,,,,,,,,,,,,,,,,,,,,,,,,,,,,,,,,,,,,,,,,,,,,,,,,,,,,,
python-iso639,,,,,,,,,,,,,,,,,,,,,,,,,,,,,,,,,,,,,,,,,,,,,,,,,,,,,,,,,,,,,,,,,,,,,,,,,,,,,,,,,,,,,,,,,,,,
python-ldap,,,,,,,,,,,,,,,,,,,,,,,,,,,,,,,,,,,,,,,,,,,,,,,,,,,,,,,,,,,,,,,,,,,,,,,,,,,,,,,,,,,,,,,,,,,,
python-magic,,,,,,,,,,,,,,,,,,,,,,,,,,,,,,,,,,,,,,,,,,,,,,,,,,,,,,,,,,,,,,,,,,,,,,,,,,,,,,,,,,,,,,,,,,,,
python-oxmsg,,,,,,,,,,,,,,,,,,,,,,,,,,,,,,,,,,,,,,,,,,,,,,,,,,,,,,,,,,,,,,,,,,,,,,,,,,,,,,,,,,,,,,,,,,,,
python-utils,,,,,,,,,,,,,,,,,,,,,,,,,,,,,,,,,,,,,,,,,,,,,,,,,,,,,,,,,,,,,,,,,,,,,,,,,,,,,,,,,,,,,,,,,,,,
pytoolconfig,,,,,,,,,,,,,,,,,,,,,,,,,,,,,,,,,,,,,,,,,,,,,,,,,,,,,,,,,,,,,,,,,,,,,,,,,,,,,,,,,,,,,,,,,,,,
pywin32,,,,,,,,,,,,,,,,,,,,,,,,,,,,,,,,,,,,,,,,,,,,,,,,,,,,,,,,,,,,,,,,,,,,,,,,,,,,,,,,,,,,,,,,,,,,
pywin32-ctypes,,,,,,,,,,,,,,,,,,,,,,,,,,,,,,,,,,,,,,,,,,,,,,,,,,,,,,,,,,,,,,,,,,,,,,,,,,,,,,,,,,,,,,,,,,,,
readme-renderer,,,,,,,,,,,,,,,,,,,,,,,,,,,,,,,,,,,,,,,,,,,,,,,,,,,,,,,,,,,,,,,,,,,,,,,,,,,,,,,,,,,,,,,,,,,,
recordlinkage,,,,,,,,,,,,,,,,,,,,,,,,,,,,,,,,,,,,,,,,,,,,,,,,,,,,,,,,,,,,,,,,,,,,,,,,,,,,,,,,,,,,,,,,,,,,
reportlab,,,,,,,,,,,,,,,,,,,,,,,,,,,,,,,,,,,,,,,,,,,,,,,,,,,,,,,,,,,,,,,,,,,,,,,,,,,,,,,,,,,,,,,,,,,,
rfc3986,,,,,,,,,,,,,,,,,,,,,,,,,,,,,,,,,,,,,,,,,,,,,,,,,,,,,,,,,,,,,,,,,,,,,,,,,,,,,,,,,,,,,,,,,,,,
ruamel.yaml,,,,,,,,,,,,,,,,,,,,,,,,,,,,,,,,,,,,,,,,,,,,,,,,,,,,,,,,,,,,,,,,,,,,,,,,,,,,,,,,,,,,,,,,,,,,
ruamel.yaml.clib,,,,,,,,,,,,,,,,,,,,,,,,,,,,,,,,,,,,,,,,,,,,,,,,,,,,,,,,,,,,,,,,,,,,,,,,,,,,,,,,,,,,,,,,,,,,
ruff,,,,,,,,,,,,,,,,,,,,,,,,,,,,,,,,,,,,,,,,,,,,,,,,,,,,,,,,,,,,,,,,,,,,,,,,,,,,,,,,,,,,,,,,,,,,
safetensors,,,,,,,,,,,,,,,,,,,,,,,,,,,,,,,,,,,,,,,,,,,,,,,,,,,,,,,,,,,,,,,,,,,,,,,,,,,,,,,,,,,,,,,,,,,,
schemdraw,,,,,,,,,,,,,,,,,,,,,,,,,,,,,,,,,,,,,,,,,,,,,,,,,,,,,,,,,,,,,,,,,,,,,,,,,,,,,,,,,,,,,,,,,,,,
scikit-base,,,,,,,,,,,,,,,,,,,,,,,,,,,,,,,,,,,,,,,,,,,,,,,,,,,,,,,,,,,,,,,,,,,,,,,,,,,,,,,,,,,,,,,,,,,,
scikit-plot,,,,,,,,,,,,,,,,,,,,,,,,,,,,,,,,,,,,,,,,,,,,,,,,,,,,,,,,,,,,,,,,,,,,,,,,,,,,,,,,,,,,,,,,,,,,
seaborn,,,,,,,,,,,,,,,,,,,,,,,,,,,,,,,,,,,,,,,,,,,,,,,,,,,,,,,,,,,,,,,,,,,,,,,,,,,,,,,,,,,,,,,,,,,,
selenium,,,,,,,,,,,,,,,,,,,,,,,,,,,,,,,,,,,,,,,,,,,,,,,,,,,,,,,,,,,,,,,,,,,,,,,,,,,,,,,,,,,,,,,,,,,,
sentence-transformers,,,,,,,,,,,,,,,,,,,,,,,,,,,,,,,,,,,,,,,,,,,,,,,,,,,,,,,,,,,,,,,,,,,,,,,,,,,,,,,,,,,,,,,,,,,,
shellingham,,,,,,,,,,,,,,,,,,,,,,,,,,,,,,,,,,,,,,,,,,,,,,,,,,,,,,,,,,,,,,,,,,,,,,,,,,,,,,,,,,,,,,,,,,,,
simplejson,,,,,,,,,,,,,,,,,,,,,,,,,,,,,,,,,,,,,,,,,,,,,,,,,,,,,,,,,,,,,,,,,,,,,,,,,,,,,,,,,,,,,,,,,,,,
sktime,,,,,,,,,,,,,,,,,,,,,,,,,,,,,,,,,,,,,,,,,,,,,,,,,,,,,,,,,,,,,,,,,,,,,,,,,,,,,,,,,,,,,,,,,,,,
slicer,,,,,,,,,,,,,,,,,,,,,,,,,,,,,,,,,,,,,,,,,,,,,,,,,,,,,,,,,,,,,,,,,,,,,,,,,,,,,,,,,,,,,,,,,,,,
smart-open,,,,,,,,,,,,,,,,,,,,,,,,,,,,,,,,,,,,,,,,,,,,,,,,,,,,,,,,,,,,,,,,,,,,,,,,,,,,,,,,,,,,,,,,,,,,
sortedcontainers,,,,,,,,,,,,,,,,,,,,,,,,,,,,,,,,,,,,,,,,,,,,,,,,,,,,,,,,,,,,,,,,,,,,,,,,,,,,,,,,,,,,,,,,,,,,
spacy-legacy,,,,,,,,,,,,,,,,,,,,,,,,,,,,,,,,,,,,,,,,,,,,,,,,,,,,,,,,,,,,,,,,,,,,,,,,,,,,,,,,,,,,,,,,,,,,
spacy-loggers,,,,,,,,,,,,,,,,,,,,,,,,,,,,,,,,,,,,,,,,,,,,,,,,,,,,,,,,,,,,,,,,,,,,,,,,,,,,,,,,,,,,,,,,,,,,
sparse-dot-topn,,,,,,,,,,,,,,,,,,,,,,,,,,,,,,,,,,,,,,,,,,,,,,,,,,,,,,,,,,,,,,,,,,,,,,,,,,,,,,,,,,,,,,,,,,,,
streamlit,,,,,,,,,,,,,,,,,,,,,,,,,,,,,,,,,,,,,,,,,,,,,,,,,,,,,,,,,,,,,,,,,,,,,,,,,,,,,,,,,,,,,,,,,,,,
strsimpy,,,,,,,,,,,,,,,,,,,,,,,,,,,,,,,,,,,,,,,,,,,,,,,,,,,,,,,,,,,,,,,,,,,,,,,,,,,,,,,,,,,,,,,,,,,,
tabula-py,,,,,,,,,,,,,,,,,,,,,,,,,,,,,,,,,,,,,,,,,,,,,,,,,,,,,,,,,,,,,,,,,,,,,,,,,,,,,,,,,,,,,,,,,,,,
tantivy,,,,,,,,,,,,,,,,,,,,,,,,,,,,,,,,,,,,,,,,,,,,,,,,,,,,,,,,,,,,,,,,,,,,,,,,,,,,,,,,,,,,,,,,,,,,
tbats,,,,,,,,,,,,,,,,,,,,,,,,,,,,,,,,,,,,,,,,,,,,,,,,,,,,,,,,,,,,,,,,,,,,,,,,,,,,,,,,,,,,,,,,,,,,
tensorboard,,,,,,,,,,,,,,,,,,,,,,,,,,,,,,,,,,,,,,,,,,,,,,,,,,,,,,,,,,,,,,,,,,,,,,,,,,,,,,,,,,,,,,,,,,,,
tensorboard-data-server,,,,,,,,,,,,,,,,,,,,,,,,,,,,,,,,,,,,,,,,,,,,,,,,,,,,,,,,,,,,,,,,,,,,,,,,,,,,,,,,,,,,,,,,,,,,
tensorflow,,,,,,,,,,,,,,,,,,,,,,,,,,,,,,,,,,,,,,,,,,,,,,,,,,,,,,,,,,,,,,,,,,,,,,,,,,,,,,,,,,,,,,,,,,,,
tensorflow-io-gcs-filesystem,,,,,,,,,,,,,,,,,,,,,,,,,,,,,,,,,,,,,,,,,,,,,,,,,,,,,,,,,,,,,,,,,,,,,,,,,,,,,,,,,,,,,,,,,,,,
textblob,,,,,,,,,,,,,,,,,,,,,,,,,,,,,,,,,,,,,,,,,,,,,,,,,,,,,,,,,,,,,,,,,,,,,,,,,,,,,,,,,,,,,,,,,,,,
text-unidecode,,,,,,,,,,,,,,,,,,,,,,,,,,,,,,,,,,,,,,,,,,,,,,,,,,,,,,,,,,,,,,,,,,,,,,,,,,,,,,,,,,,,,,,,,,,,
tf2onnx,,,,,,,,,,,,,,,,,,,,,,,,,,,,,,,,,,,,,,,,,,,,,,,,,,,,,,,,,,,,,,,,,,,,,,,,,,,,,,,,,,,,,,,,,,,,
thinc,,,,,,,,,,,,,,,,,,,,,,,,,,,,,,,,,,,,,,,,,,,,,,,,,,,,,,,,,,,,,,,,,,,,,,,,,,,,,,,,,,,,,,,,,,,,
tokenizers,,,,,,,,,,,,,,,,,,,,,,,,,,,,,,,,,,,,,,,,,,,,,,,,,,,,,,,,,,,,,,,,,,,,,,,,,,,,,,,,,,,,,,,,,,,,
tomlkit,,,,,,,,,,,,,,,,,,,,,,,,,,,,,,,,,,,,,,,,,,,,,,,,,,,,,,,,,,,,,,,,,,,,,,,,,,,,,,,,,,,,,,,,,,,,
toolz,,,,,,,,,,,,,,,,,,,,,,,,,,,,,,,,,,,,,,,,,,,,,,,,,,,,,,,,,,,,,,,,,,,,,,,,,,,,,,,,,,,,,,,,,,,,
tox,,,,,,,,,,,,,,,,,,,,,,,,,,,,,,,,,,,,,,,,,,,,,,,,,,,,,,,,,,,,,,,,,,,,,,,,,,,,,,,,,,,,,,,,,,,,
trio,,,,,,,,,,,,,,,,,,,,,,,,,,,,,,,,,,,,,,,,,,,,,,,,,,,,,,,,,,,,,,,,,,,,,,,,,,,,,,,,,,,,,,,,,,,,
trio-websocket,,,,,,,,,,,,,,,,,,,,,,,,,,,,,,,,,,,,,,,,,,,,,,,,,,,,,,,,,,,,,,,,,,,,,,,,,,,,,,,,,,,,,,,,,,,,
trove-classifiers,,,,,,,,,,,,,,,,,,,,,,,,,,,,,,,,,,,,,,,,,,,,,,,,,,,,,,,,,,,,,,,,,,,,,,,,,,,,,,,,,,,,,,,,,,,,
tsdownsample,,,,,,,,,,,,,,,,,,,,,,,,,,,,,,,,,,,,,,,,,,,,,,,,,,,,,,,,,,,,,,,,,,,,,,,,,,,,,,,,,,,,,,,,,,,,
twine,,,,,,,,,,,,,,,,,,,,,,,,,,,,,,,,,,,,,,,,,,,,,,,,,,,,,,,,,,,,,,,,,,,,,,,,,,,,,,,,,,,,,,,,,,,,
ujson,,,,,,,,,,,,,,,,,,,,,,,,,,,,,,,,,,,,,,,,,,,,,,,,,,,,,,,,,,,,,,,,,,,,,,,,,,,,,,,,,,,,,,,,,,,,
unicorn,,,,,,,,,,,,,,,,,,,,,,,,,,,,,,,,,,,,,,,,,,,,,,,,,,,,,,,,,,,,,,,,,,,,,,,,,,,,,,,,,,,,,,,,,,,,
unstructured,,,,,,,,,,,,,,,,,,,,,,,,,,,,,,,,,,,,,,,,,,,,,,,,,,,,,,,,,,,,,,,,,,,,,,,,,,,,,,,,,,,,,,,,,,,,
unstructured-client,,,,,,,,,,,,,,,,,,,,,,,,,,,,,,,,,,,,,,,,,,,,,,,,,,,,,,,,,,,,,,,,,,,,,,,,,,,,,,,,,,,,,,,,,,,,
uri-template,,,,,,,,,,,,,,,,,,,,,,,,,,,,,,,,,,,,,,,,,,,,,,,,,,,,,,,,,,,,,,,,,,,,,,,,,,,,,,,,,,,,,,,,,,,,
url-normalize,,,,,,,,,,,,,,,,,,,,,,,,,,,,,,,,,,,,,,,,,,,,,,,,,,,,,,,,,,,,,,,,,,,,,,,,,,,,,,,,,,,,,,,,,,,,
uvloop,,,,,,,,,,,,,,,,,,,,,,,,,,,,,,,,,,,,,,,,,,,,,,,,,,,,,,,,,,,,,,,,,,,,,,,,,,,,,,,,,,,,,,,,,,,,
virtualenv,,,,,,,,,,,,,,,,,,,,,,,,,,,,,,,,,,,,,,,,,,,,,,,,,,,,,,,,,,,,,,,,,,,,,,,,,,,,,,,,,,,,,,,,,,,,
wasabi,,,,,,,,,,,,,,,,,,,,,,,,,,,,,,,,,,,,,,,,,,,,,,,,,,,,,,,,,,,,,,,,,,,,,,,,,,,,,,,,,,,,,,,,,,,,
watchfiles,,,,,,,,,,,,,,,,,,,,,,,,,,,,,,,,,,,,,,,,,,,,,,,,,,,,,,,,,,,,,,,,,,,,,,,,,,,,,,,,,,,,,,,,,,,,
wcwidth,,,,,,,,,,,,,,,,,,,,,,,,,,,,,,,,,,,,,,,,,,,,,,,,,,,,,,,,,,,,,,,,,,,,,,,,,,,,,,,,,,,,,,,,,,,,
weasel,,,,,,,,,,,,,,,,,,,,,,,,,,,,,,,,,,,,,,,,,,,,,,,,,,,,,,,,,,,,,,,,,,,,,,,,,,,,,,,,,,,,,,,,,,,,
webcolors,,,,,,,,,,,,,,,,,,,,,,,,,,,,,,,,,,,,,,,,,,,,,,,,,,,,,,,,,,,,,,,,,,,,,,,,,,,,,,,,,,,,,,,,,,,,
websockets,,,,,,,,,,,,,,,,,,,,,,,,,,,,,,,,,,,,,,,,,,,,,,,,,,,,,,,,,,,,,,,,,,,,,,,,,,,,,,,,,,,,,,,,,,,,
wsproto,,,,,,,,,,,,,,,,,,,,,,,,,,,,,,,,,,,,,,,,,,,,,,,,,,,,,,,,,,,,,,,,,,,,,,,,,,,,,,,,,,,,,,,,,,,,
wurlitzer,,,,,,,,,,,,,,,,,,,,,,,,,,,,,,,,,,,,,,,,,,,,,,,,,,,,,,,,,,,,,,,,,,,,,,,,,,,,,,,,,,,,,,,,,,,,
xattr,,,,,,,,,,,,,,,,,,,,,,,,,,,,,,,,,,,,,,,,,,,,,,,,,,,,,,,,,,,,,,,,,,,,,,,,,,,,,,,,,,,,,,,,,,,,
xgboost,,,,,,,,,,,,,,,,,,,,,,,,,,,,,,,,,,,,,,,,,,,,,,,,,,,,,,,,,,,,,,,,,,,,,,,,,,,,,,,,,,,,,,,,,,,,
yellowbrick,,,,,,,,,,,,,,,,,,,,,,,,,,,,,,,,,,,,,,,,,,,,,,,,,,,,,,,,,,,,,,,,,,,,,,,,,,,,,,,,,,,,,,,,,,,,
